FISCAL_YEAR,ORG_CODE,GRANT_TYPE,AMOUNT,TOTAL_STUDENTS,NON_CHARTER_STUDENTS,CHARTER_STUDENTS,PER_PUPIL
2023-2024,0010,Federal," 	3,687,304.37 "," 	7,017 "," 	7,017 ", 	-   , 	525 
2023-2024,0010,State/Local," 	100,775,504.76 "," 	7,017 "," 	7,017 ", 	-   ," 	14,362 "
2023-2024,0020,Federal," 	35,261,832.71 "," 	34,998 "," 	31,184 "," 	3,814 "," 	1,008 "
2023-2024,0020,State/Local," 	520,680,347.43 "," 	34,998 "," 	31,184 "," 	3,814 "," 	14,877 "
2023-2024,0030,Federal," 	10,899,608.46 "," 	5,484 "," 	5,484 ", 	-   ," 	1,988 "
2023-2024,0030,State/Local," 	86,389,784.87 "," 	5,484 "," 	5,484 ", 	-   ," 	15,753 "
2023-2024,0040,Federal," 	10,173,865.89 "," 	23,139 "," 	18,860 "," 	4,279 ", 	440 
2023-2024,0040,State/Local," 	249,624,488.30 "," 	23,139 "," 	18,860 "," 	4,279 "," 	10,788 "
2023-2024,0050,Federal," 	790,541.79 "," 	1,645 "," 	1,280 ", 	365 , 	481 
2023-2024,0050,State/Local," 	22,472,842.88 "," 	1,645 "," 	1,280 ", 	365 ," 	13,661 "
2023-2024,0060,Federal," 	253,291.35 "," 	1,187 "," 	1,187 ", 	-   , 	213 
2023-2024,0060,State/Local," 	15,106,533.03 "," 	1,187 "," 	1,187 ", 	-   ," 	12,727 "
2023-2024,0070,Federal," 	9,551,180.94 "," 	7,631 "," 	7,631 ", 	-   ," 	1,252 "
2023-2024,0070,State/Local," 	131,208,525.09 "," 	7,631 "," 	7,631 ", 	-   ," 	17,194 "
2023-2024,0100,Federal," 	2,639,587.70 "," 	2,056 "," 	2,056 ", 	-   ," 	1,284 "
2023-2024,0100,State/Local," 	28,048,839.84 "," 	2,056 "," 	2,056 ", 	-   ," 	13,642 "
2023-2024,0110,Federal," 	337,550.21 ", 	277 , 	277 , 	-   ," 	1,219 "
2023-2024,0110,State/Local," 	4,095,493.08 ", 	277 , 	277 , 	-   ," 	14,785 "
2023-2024,0120,Federal," 	3,741,218.76 "," 	2,368 "," 	2,368 ", 	-   ," 	1,580 "
2023-2024,0120,State/Local," 	38,047,177.98 "," 	2,368 "," 	2,368 ", 	-   ," 	16,067 "
2023-2024,0123,Federal," 	5,462,589.25 "," 	1,058 "," 	1,058 ", 	-   ," 	5,163 "
2023-2024,0123,State/Local," 	21,421,105.75 "," 	1,058 "," 	1,058 ", 	-   ," 	20,247 "
2023-2024,0130,Federal," 	38,391,679.28 "," 	52,455 "," 	51,258 "," 	1,197 ", 	732 
2023-2024,0130,State/Local," 	854,145,709.18 "," 	52,455 "," 	51,258 "," 	1,197 "," 	16,283 "
2023-2024,0140,Federal," 	6,653,446.76 "," 	13,251 "," 	12,277 ", 	974 , 	502 
2023-2024,0140,State/Local," 	215,034,791.47 "," 	13,251 "," 	12,277 ", 	974 ," 	16,228 "
2023-2024,0170,Federal," 	197,383.09 ", 	361 , 	361 , 	-   , 	547 
2023-2024,0170,State/Local," 	5,145,338.09 ", 	361 , 	361 , 	-   ," 	14,253 "
2023-2024,0180,Federal," 	58,352,247.40 "," 	39,148 "," 	32,618 "," 	6,530 "," 	1,491 "
2023-2024,0180,State/Local," 	663,027,305.13 "," 	39,148 "," 	32,618 "," 	6,530 "," 	16,936 "
2023-2024,0190,Federal," 	1,664,002.22 "," 	6,456 "," 	6,456 ", 	-   , 	258 
2023-2024,0190,State/Local," 	64,830,815.45 "," 	6,456 "," 	6,456 ", 	-   ," 	10,042 "
2023-2024,0220,Federal," 	2,007,889.59 "," 	1,604 "," 	1,498 ", 	106 ," 	1,252 "
2023-2024,0220,State/Local," 	21,838,823.39 "," 	1,604 "," 	1,498 ", 	106 ," 	13,615 "
2023-2024,0230,Federal," 	89,141.28 ", 	182 , 	182 , 	-   , 	490 
2023-2024,0230,State/Local," 	27,469,783.11 ", 	182 , 	182 , 	-   ," 	150,933 "
2023-2024,0240,Federal," 	76,448.41 ", 	61 , 	61 , 	-   ," 	1,253 "
2023-2024,0240,State/Local," 	1,317,058.96 ", 	61 , 	61 , 	-   ," 	21,591 "
2023-2024,0250,Federal," 	297,116.92 ", 	305 , 	305 , 	-   , 	974 
2023-2024,0250,State/Local," 	4,476,256.92 ", 	305 , 	305 , 	-   ," 	14,676 "
2023-2024,0260,Federal," 	250,085.11 ", 	361 , 	361 , 	-   , 	693 
2023-2024,0260,State/Local," 	2,828,093.98 ", 	361 , 	361 , 	-   ," 	7,834 "
2023-2024,0270,Federal," 	148,689.91 ", 	31 , 	31 , 	-   ," 	4,796 "
2023-2024,0270,State/Local," 	1,452,311.67 ", 	31 , 	31 , 	-   ," 	46,849 "
2023-2024,0290,Federal," 	3,071,880.71 ", 	956 , 	956 , 	-   ," 	3,213 "
2023-2024,0290,State/Local," 	10,227,919.15 ", 	956 , 	956 , 	-   ," 	10,699 "
2023-2024,0310,Federal," 	342,922.91 ", 	231 , 	231 , 	-   ," 	1,485 "
2023-2024,0310,State/Local," 	4,101,642.03 ", 	231 , 	231 , 	-   ," 	17,756 "
2023-2024,0470,Federal," 	35,598,858.48 "," 	32,506 "," 	29,198 "," 	3,308 "," 	1,095 "
2023-2024,0470,State/Local," 	484,116,409.94 "," 	32,506 "," 	29,198 "," 	3,308 "," 	14,893 "
2023-2024,0480,Federal," 	19,762,091.39 "," 	28,362 "," 	25,970 "," 	2,392 ", 	697 
2023-2024,0480,State/Local," 	518,767,105.26 "," 	28,362 "," 	25,970 "," 	2,392 "," 	18,291 "
2023-2024,0490,Federal," 	510,418.71 ", 	987 , 	987 , 	-   , 	517 
2023-2024,0490,State/Local," 	15,157,533.46 ", 	987 , 	987 , 	-   ," 	15,357 "
2023-2024,0500,Federal," 	2,599,470.24 "," 	1,326 "," 	1,326 ", 	-   ," 	1,960 "
2023-2024,0500,State/Local," 	18,230,840.91 "," 	1,326 "," 	1,326 ", 	-   ," 	13,749 "
2023-2024,0510,Federal," 	65,305.43 ", 	107 , 	107 , 	-   , 	610 
2023-2024,0510,State/Local," 	2,781,466.15 ", 	107 , 	107 , 	-   ," 	25,995 "
2023-2024,0520,Federal," 	102,629.11 ", 	170 , 	170 , 	-   , 	604 
2023-2024,0520,State/Local," 	3,957,921.87 ", 	170 , 	170 , 	-   ," 	23,282 "
2023-2024,0540,Federal," 	717,755.19 ", 	652 , 	567 , 	85 ," 	1,101 "
2023-2024,0540,State/Local," 	13,358,325.32 ", 	652 , 	567 , 	85 ," 	20,488 "
2023-2024,0550,Federal," 	1,177,243.79 ", 	955 , 	955 , 	-   ," 	1,233 "
2023-2024,0550,State/Local," 	10,772,983.27 ", 	955 , 	955 , 	-   ," 	11,281 "
2023-2024,0560,Federal," 	335,912.98 ", 	399 , 	399 , 	-   , 	842 
2023-2024,0560,State/Local," 	4,810,352.76 ", 	399 , 	399 , 	-   ," 	12,056 "
2023-2024,0580,Federal," 	673,036.34 ", 	182 , 	182 , 	-   ," 	3,698 "
2023-2024,0580,State/Local," 	4,009,150.26 ", 	182 , 	182 , 	-   ," 	22,028 "
2023-2024,0640,Federal," 	449,841.36 ", 	187 , 	187 , 	-   ," 	2,406 "
2023-2024,0640,State/Local," 	3,771,329.91 ", 	187 , 	187 , 	-   ," 	20,168 "
2023-2024,0740,Federal," 	680,035.73 ", 	302 , 	302 , 	-   ," 	2,252 "
2023-2024,0740,State/Local," 	4,641,454.42 ", 	302 , 	302 , 	-   ," 	15,369 "
2023-2024,0770,Federal," 	1,006,268.84 ", 	347 , 	347 , 	-   ," 	2,900 "
2023-2024,0770,State/Local," 	6,256,510.09 ", 	347 , 	347 , 	-   ," 	18,030 "
2023-2024,0860,Federal," 	380,158.23 ", 	349 , 	349 , 	-   ," 	1,089 "
2023-2024,0860,State/Local," 	5,105,228.37 ", 	349 , 	349 , 	-   ," 	14,628 "
2023-2024,0870,Federal," 	8,374,720.04 "," 	4,614 "," 	4,203 ", 	411 ," 	1,815 "
2023-2024,0870,State/Local," 	57,813,010.02 "," 	4,614 "," 	4,203 ", 	411 ," 	12,530 "
2023-2024,0880,Federal," 	140,498,990.02 "," 	88,258 "," 	68,052 "," 	20,206 "," 	1,592 "
2023-2024,0880,State/Local," 	1,468,910,060.70 "," 	88,258 "," 	68,052 "," 	20,206 "," 	16,643 "
2023-2024,0890,Federal," 	413,695.92 ", 	252 , 	252 , 	-   ," 	1,642 "
2023-2024,0890,State/Local," 	4,770,135.94 ", 	252 , 	252 , 	-   ," 	18,929 "
2023-2024,0900,Federal," 	20,958,627.11 "," 	61,964 "," 	46,342 "," 	15,622 ", 	338 
2023-2024,0900,State/Local," 	945,029,337.67 "," 	61,964 "," 	46,342 "," 	15,622 "," 	15,251 "
2023-2024,0910,Federal," 	5,065,903.40 "," 	6,497 "," 	6,137 ", 	360 , 	780 
2023-2024,0910,State/Local," 	110,370,020.30 "," 	6,497 "," 	6,137 ", 	360 ," 	16,988 "
2023-2024,0920,Federal," 	1,729,548.00 "," 	2,614 "," 	2,098 ", 	516 , 	662 
2023-2024,0920,State/Local," 	32,812,506.34 "," 	2,614 "," 	2,098 ", 	516 ," 	12,553 "
2023-2024,0930,Federal," 	410,993.00 ", 	342 , 	342 , 	-   ," 	1,202 "
2023-2024,0930,State/Local," 	4,799,435.07 ", 	342 , 	342 , 	-   ," 	14,033 "
2023-2024,0940,Federal," 	419,410.91 ", 	328 , 	328 , 	-   ," 	1,279 "
2023-2024,0940,State/Local," 	5,123,713.15 ", 	328 , 	328 , 	-   ," 	15,621 "
2023-2024,0950,Federal," 	266,919.54 ", 	279 , 	279 , 	-   , 	957 
2023-2024,0950,State/Local," 	4,160,843.25 ", 	279 , 	279 , 	-   ," 	14,913 "
2023-2024,0960,Federal," 	175,109.07 ", 	75 , 	75 , 	-   ," 	2,335 "
2023-2024,0960,State/Local," 	1,706,738.32 ", 	75 , 	75 , 	-   ," 	22,757 "
2023-2024,0970,Federal," 	439,198.30 ", 	436 , 	436 , 	-   ," 	1,007 "
2023-2024,0970,State/Local," 	6,412,174.45 ", 	436 , 	436 , 	-   ," 	14,707 "
2023-2024,0980,Federal," 	26,414,217.93 "," 	12,386 "," 	8,252 "," 	4,134 "," 	2,133 "
2023-2024,0980,State/Local," 	154,002,624.46 "," 	12,386 "," 	8,252 "," 	4,134 "," 	12,434 "
2023-2024,0990,Federal," 	6,157,728.27 "," 	9,377 "," 	9,273 ", 	104 , 	657 
2023-2024,0990,State/Local," 	121,528,760.77 "," 	9,377 "," 	9,273 ", 	104 ," 	12,960 "
2023-2024,1000,Federal," 	5,292,410.69 "," 	7,885 "," 	7,885 ", 	-   , 	671 
2023-2024,1000,State/Local," 	113,475,329.33 "," 	7,885 "," 	7,885 ", 	-   ," 	14,391 "
2023-2024,1010,Federal," 	38,872,154.69 "," 	22,744 "," 	21,170 "," 	1,574 "," 	1,709 "
2023-2024,1010,State/Local," 	376,051,681.02 "," 	22,744 "," 	21,170 "," 	1,574 "," 	16,534 "
2023-2024,1020,Federal," 	2,433,538.87 "," 	3,764 "," 	3,764 ", 	-   , 	647 
2023-2024,1020,State/Local," 	49,465,134.81 "," 	3,764 "," 	3,764 ", 	-   ," 	13,142 "
2023-2024,1030,Federal," 	679,771.93 "," 	1,238 "," 	1,238 ", 	-   , 	549 
2023-2024,1030,State/Local," 	22,748,958.16 "," 	1,238 "," 	1,238 ", 	-   ," 	18,376 "
2023-2024,1040,Federal," 	12,348,949.52 "," 	26,607 "," 	22,270 "," 	4,337 ", 	464 
2023-2024,1040,State/Local," 	316,818,481.41 "," 	26,607 "," 	22,270 "," 	4,337 "," 	11,907 "
2023-2024,1050,Federal," 	1,139,384.19 ", 	990 , 	990 , 	-   ," 	1,151 "
2023-2024,1050,State/Local," 	13,341,003.29 ", 	990 , 	990 , 	-   ," 	13,476 "
2023-2024,1060,Federal," 	313,824.00 ", 	605 , 	605 , 	-   , 	519 
2023-2024,1060,State/Local," 	7,764,535.60 ", 	605 , 	605 , 	-   ," 	12,834 "
2023-2024,1070,Federal," 	227,212.36 ", 	271 , 	271 , 	-   , 	838 
2023-2024,1070,State/Local," 	5,390,538.91 ", 	271 , 	271 , 	-   ," 	19,891 "
2023-2024,1080,Federal," 	2,538,788.73 "," 	6,545 "," 	5,380 "," 	1,165 ", 	388 
2023-2024,1080,State/Local," 	79,895,921.30 "," 	6,545 "," 	5,380 "," 	1,165 "," 	12,207 "
2023-2024,1110,Federal," 	16,815,702.75 "," 	25,799 "," 	14,049 "," 	11,750 ", 	652 
2023-2024,1110,State/Local," 	305,109,506.67 "," 	25,799 "," 	14,049 "," 	11,750 "," 	11,826 "
2023-2024,1120,Federal," 	54,833.64 ", 	74 , 	74 , 	-   , 	741 
2023-2024,1120,State/Local," 	2,087,286.83 ", 	74 , 	74 , 	-   ," 	28,207 "
2023-2024,1130,Federal," 	454,814.41 ", 	406 , 	406 , 	-   ," 	1,120 "
2023-2024,1130,State/Local," 	5,475,009.37 ", 	406 , 	406 , 	-   ," 	13,485 "
2023-2024,1140,Federal," 	7,243,943.45 "," 	3,177 "," 	2,930 ", 	247 ," 	2,280 "
2023-2024,1140,State/Local," 	42,704,085.28 "," 	3,177 "," 	2,930 ", 	247 ," 	13,442 "
2023-2024,1150,Federal," 	2,179,303.00 "," 	1,376 "," 	1,376 ", 	-   ," 	1,584 "
2023-2024,1150,State/Local," 	16,328,161.00 "," 	1,376 "," 	1,376 ", 	-   ," 	11,866 "
2023-2024,1160,Federal," 	310,599.67 ", 	167 , 	167 , 	-   ," 	1,860 "
2023-2024,1160,State/Local," 	3,314,645.62 ", 	167 , 	167 , 	-   ," 	19,848 "
2023-2024,1180,Federal," 	6,755,321.48 "," 	5,846 "," 	5,321 ", 	525 ," 	1,156 "
2023-2024,1180,State/Local," 	110,686,418.84 "," 	5,846 "," 	5,321 ", 	525 ," 	18,934 "
2023-2024,1195,Federal," 	4,565,064.08 "," 	4,786 "," 	4,786 ", 	-   , 	954 
2023-2024,1195,State/Local," 	64,902,550.25 "," 	4,786 "," 	4,786 ", 	-   ," 	13,561 "
2023-2024,1220,Federal," 	903,456.59 "," 	1,171 "," 	1,171 ", 	-   , 	772 
2023-2024,1220,State/Local," 	17,582,742.88 "," 	1,171 "," 	1,171 ", 	-   ," 	15,015 "
2023-2024,1330,Federal," 	254,410.84 ", 	390 , 	390 , 	-   , 	652 
2023-2024,1330,State/Local," 	6,977,412.38 ", 	390 , 	390 , 	-   ," 	17,891 "
2023-2024,1340,Federal," 	274,856.03 ", 	411 , 	411 , 	-   , 	669 
2023-2024,1340,State/Local," 	6,925,911.44 ", 	411 , 	411 , 	-   ," 	16,851 "
2023-2024,1350,Federal," 	776,573.20 "," 	1,286 "," 	1,286 ", 	-   , 	604 
2023-2024,1350,State/Local," 	21,983,958.50 "," 	1,286 "," 	1,286 ", 	-   ," 	17,095 "
2023-2024,1360,Federal," 	1,518,311.41 "," 	2,066 "," 	2,021 ", 	45 , 	735 
2023-2024,1360,State/Local," 	34,790,510.81 "," 	2,066 "," 	2,021 ", 	45 ," 	16,840 "
2023-2024,1380,Federal," 	87,183.38 ", 	76 , 	76 , 	-   ," 	1,147 "
2023-2024,1380,State/Local," 	1,992,120.16 ", 	76 , 	76 , 	-   ," 	26,212 "
2023-2024,1390,Federal," 	99,858.99 ", 	478 , 	392 , 	86 , 	209 
2023-2024,1390,State/Local," 	1,001,475.46 ", 	478 , 	392 , 	86 ," 	2,095 "
2023-2024,1400,Federal," 	437,789.06 ", 	218 , 	218 , 	-   ," 	2,008 "
2023-2024,1400,State/Local," 	4,380,575.53 ", 	218 , 	218 , 	-   ," 	20,094 "
2023-2024,1410,Federal," 	332,000.94 ", 	155 , 	155 , 	-   ," 	2,142 "
2023-2024,1410,State/Local," 	3,496,056.27 ", 	155 , 	155 , 	-   ," 	22,555 "
2023-2024,1420,Federal," 	77,059,088.09 "," 	76,188 "," 	67,038 "," 	9,150 "," 	1,011 "
2023-2024,1420,State/Local," 	1,111,047,720.25 "," 	76,188 "," 	67,038 "," 	9,150 "," 	14,583 "
2023-2024,1430,Federal," 	137,469.35 ", 	217 , 	217 , 	-   , 	633 
2023-2024,1430,State/Local," 	3,250,771.32 ", 	217 , 	217 , 	-   ," 	14,981 "
2023-2024,1440,Federal," 	90,367.79 ", 	398 , 	398 , 	-   , 	227 
2023-2024,1440,State/Local," 	2,935,403.52 ", 	398 , 	398 , 	-   ," 	7,375 "
2023-2024,1450,Federal," 	89,072.20 ", 	175 , 	175 , 	-   , 	509 
2023-2024,1450,State/Local," 	3,093,176.53 ", 	175 , 	175 , 	-   ," 	17,675 "
2023-2024,1480,Federal," 	343,100.04 ", 	220 , 	220 , 	-   ," 	1,560 "
2023-2024,1480,State/Local," 	3,350,815.78 ", 	220 , 	220 , 	-   ," 	15,231 "
2023-2024,1490,Federal," 	59,459.11 ", 	110 , 	110 , 	-   , 	541 
2023-2024,1490,State/Local," 	2,553,429.04 ", 	110 , 	110 , 	-   ," 	23,213 "
2023-2024,1500,Federal," 	404,466.45 ", 	768 , 	768 , 	-   , 	527 
2023-2024,1500,State/Local," 	9,140,104.97 ", 	768 , 	768 , 	-   ," 	11,901 "
2023-2024,1510,Federal," 	3,168,720.22 ", 	977 , 	977 , 	-   ," 	3,243 "
2023-2024,1510,State/Local," 	17,113,995.82 ", 	977 , 	977 , 	-   ," 	17,517 "
2023-2024,1520,Federal," 	4,737,617.26 "," 	5,267 "," 	5,098 ", 	169 , 	899 
2023-2024,1520,State/Local," 	84,932,335.01 "," 	5,267 "," 	5,098 ", 	169 ," 	16,125 "
2023-2024,1530,Federal," 	299,019.74 "," 	1,254 "," 	1,254 ", 	-   , 	238 
2023-2024,1530,State/Local," 	18,977,823.77 "," 	1,254 "," 	1,254 ", 	-   ," 	15,134 "
2023-2024,1540,Federal," 	1,786,398.09 ", 	649 , 	649 , 	-   ," 	2,753 "
2023-2024,1540,State/Local," 	12,827,102.30 ", 	649 , 	649 , 	-   ," 	19,764 "
2023-2024,1550,Federal," 	21,644,906.09 "," 	29,914 "," 	26,969 "," 	2,945 ", 	724 
2023-2024,1550,State/Local," 	479,221,434.27 "," 	29,914 "," 	26,969 "," 	2,945 "," 	16,020 "
2023-2024,1560,Federal," 	13,636,977.09 "," 	15,039 "," 	13,026 "," 	2,013 ", 	907 
2023-2024,1560,State/Local," 	214,079,190.52 "," 	15,039 "," 	13,026 "," 	2,013 "," 	14,235 "
2023-2024,1570,Federal," 	1,597,647.27 "," 	1,015 "," 	1,015 ", 	-   ," 	1,574 "
2023-2024,1570,State/Local," 	16,219,999.42 "," 	1,015 "," 	1,015 ", 	-   ," 	15,980 "
2023-2024,1580,Federal," 	2,352,722.77 ", 	744 , 	744 , 	-   ," 	3,162 "
2023-2024,1580,State/Local," 	9,262,767.97 ", 	744 , 	744 , 	-   ," 	12,450 "
2023-2024,1590,Federal," 	121,229.18 ", 	252 , 	252 , 	-   , 	481 
2023-2024,1590,State/Local," 	4,011,630.60 ", 	252 , 	252 , 	-   ," 	15,919 "
2023-2024,1600,Federal," 	125,213.26 ", 	293 , 	293 , 	-   , 	427 
2023-2024,1600,State/Local," 	4,258,846.74 ", 	293 , 	293 , 	-   ," 	14,535 "
2023-2024,1620,Federal," 	350,411.97 ", 	117 , 	117 , 	-   ," 	2,995 "
2023-2024,1620,State/Local," 	2,727,304.23 ", 	117 , 	117 , 	-   ," 	23,310 "
2023-2024,1750,Federal," 	376,210.21 ", 	404 , 	404 , 	-   , 	931 
2023-2024,1750,State/Local," 	4,388,592.44 ", 	404 , 	404 , 	-   ," 	10,863 "
2023-2024,1760,Federal," 	56,724.75 ", 	26 , 	26 , 	-   ," 	2,182 "
2023-2024,1760,State/Local," 	1,258,485.13 ", 	26 , 	26 , 	-   ," 	48,403 "
2023-2024,1780,Federal," 	139,630.78 ", 	229 , 	229 , 	-   , 	610 
2023-2024,1780,State/Local," 	3,847,463.45 ", 	229 , 	229 , 	-   ," 	16,801 "
2023-2024,1790,Federal," 	409,069.65 ", 	469 , 	469 , 	-   , 	872 
2023-2024,1790,State/Local," 	6,650,883.02 ", 	469 , 	469 , 	-   ," 	14,181 "
2023-2024,1810,Federal," 	83,586.48 ", 	36 , 	36 , 	-   ," 	2,322 "
2023-2024,1810,State/Local," 	1,367,835.30 ", 	36 , 	36 , 	-   ," 	37,995 "
2023-2024,1828,Federal," 	4,926,711.52 "," 	1,887 "," 	1,887 ", 	-   ," 	2,611 "
2023-2024,1828,State/Local," 	24,060,530.83 "," 	1,887 "," 	1,887 ", 	-   ," 	12,751 "
2023-2024,1850,Federal," 	299,119.77 ", 	221 , 	221 , 	-   ," 	1,353 "
2023-2024,1850,State/Local," 	3,556,908.40 ", 	221 , 	221 , 	-   ," 	16,095 "
2023-2024,1860,Federal," 	125,721.61 ", 	323 , 	323 , 	-   , 	389 
2023-2024,1860,State/Local," 	5,084,312.25 ", 	323 , 	323 , 	-   ," 	15,741 "
2023-2024,1870,Federal," 	135,449.42 ", 	201 , 	201 , 	-   , 	674 
2023-2024,1870,State/Local," 	3,623,783.68 ", 	201 , 	201 , 	-   ," 	18,029 "
2023-2024,1980,Federal," 	23,587.00 ", 	168 , 	168 , 	-   , 	140 
2023-2024,1980,State/Local," 	3,439,499.81 ", 	168 , 	168 , 	-   ," 	20,473 "
2023-2024,1990,Federal," 	434,107.66 ", 	310 , 	310 , 	-   ," 	1,400 "
2023-2024,1990,State/Local," 	4,783,783.08 ", 	310 , 	310 , 	-   ," 	15,432 "
2023-2024,2000,Federal," 	30,445,455.30 "," 	20,218 "," 	19,030 "," 	1,188 "," 	1,506 "
2023-2024,2000,State/Local," 	270,040,887.27 "," 	20,218 "," 	19,030 "," 	1,188 "," 	13,356 "
2023-2024,2010,Federal," 	71,978.30 ", 	95 , 	95 , 	-   , 	758 
2023-2024,2010,State/Local," 	2,364,098.71 ", 	95 , 	95 , 	-   ," 	24,885 "
2023-2024,2020,Federal," 	1,601,770.08 "," 	1,916 "," 	1,916 ", 	-   , 	836 
2023-2024,2020,State/Local," 	30,967,404.92 "," 	1,916 "," 	1,916 ", 	-   ," 	16,163 "
2023-2024,2035,Federal," 	8,981,781.14 "," 	2,517 "," 	2,108 ", 	409 ," 	3,568 "
2023-2024,2035,State/Local," 	29,489,874.25 "," 	2,517 "," 	2,108 ", 	409 ," 	11,716 "
2023-2024,2055,Federal," 	943,099.17 ", 	680 , 	680 , 	-   ," 	1,387 "
2023-2024,2055,State/Local," 	9,186,057.73 ", 	680 , 	680 , 	-   ," 	13,509 "
2023-2024,2070,Federal," 	880,273.49 ", 	521 , 	521 , 	-   ," 	1,690 "
2023-2024,2070,State/Local," 	7,093,842.15 ", 	521 , 	521 , 	-   ," 	13,616 "
2023-2024,2180,Federal," 	8,173,499.11 "," 	6,038 "," 	5,861 ", 	177 ," 	1,354 "
2023-2024,2180,State/Local," 	75,994,445.85 "," 	6,038 "," 	5,861 ", 	177 ," 	12,586 "
2023-2024,2190,Federal," 	289,891.20 ", 	256 , 	256 , 	-   ," 	1,132 "
2023-2024,2190,State/Local," 	4,014,643.09 ", 	256 , 	256 , 	-   ," 	15,682 "
2023-2024,2395,Federal," 	467,540.36 "," 	1,430 "," 	1,430 ", 	-   , 	327 
2023-2024,2395,State/Local," 	22,128,458.74 "," 	1,430 "," 	1,430 ", 	-   ," 	15,474 "
2023-2024,2405,Federal," 	6,681,304.48 "," 	3,427 "," 	3,427 ", 	-   ," 	1,950 "
2023-2024,2405,State/Local," 	39,988,584.58 "," 	3,427 "," 	3,427 ", 	-   ," 	11,669 "
2023-2024,2505,Federal," 	271,245.74 ", 	209 , 	209 , 	-   ," 	1,298 "
2023-2024,2505,State/Local," 	3,347,830.18 ", 	209 , 	209 , 	-   ," 	16,018 "
2023-2024,2515,Federal," 	1,099,919.87 ", 	880 , 	880 , 	-   ," 	1,250 "
2023-2024,2515,State/Local," 	9,751,283.18 ", 	880 , 	880 , 	-   ," 	11,081 "
2023-2024,2520,Federal," 	3,235,903.65 "," 	1,326 "," 	1,326 ", 	-   ," 	2,440 "
2023-2024,2520,State/Local," 	18,488,742.40 "," 	1,326 "," 	1,326 ", 	-   ," 	13,943 "
2023-2024,2530,Federal," 	1,381,456.34 ", 	616 , 	616 , 	-   ," 	2,243 "
2023-2024,2530,State/Local," 	13,107,433.68 ", 	616 , 	616 , 	-   ," 	21,278 "
2023-2024,2535,Federal," 	267,548.63 ", 	181 , 	181 , 	-   ," 	1,478 "
2023-2024,2535,State/Local," 	3,127,875.38 ", 	181 , 	181 , 	-   ," 	17,281 "
2023-2024,2560,Federal," 	245,838.08 ", 	222 , 	222 , 	-   ," 	1,107 "
2023-2024,2560,State/Local," 	3,736,713.74 ", 	222 , 	222 , 	-   ," 	16,832 "
2023-2024,2570,Federal," 	451,086.87 ", 	302 , 	302 , 	-   ," 	1,494 "
2023-2024,2570,State/Local," 	4,538,905.82 ", 	302 , 	302 , 	-   ," 	15,029 "
2023-2024,2580,Federal," 	148,424.90 ", 	169 , 	169 , 	-   , 	878 
2023-2024,2580,State/Local," 	3,576,470.14 ", 	169 , 	169 , 	-   ," 	21,163 "
2023-2024,2590,Federal," 	84,537.96 ", 	333 , 	333 , 	-   , 	254 
2023-2024,2590,State/Local," 	6,823,468.60 ", 	333 , 	333 , 	-   ," 	20,491 "
2023-2024,2600,Federal," 	588,744.41 ", 	740 , 	740 , 	-   , 	796 
2023-2024,2600,State/Local," 	11,064,254.57 ", 	740 , 	740 , 	-   ," 	14,952 "
2023-2024,2610,Federal," 	332,380.79 ", 	576 , 	417 , 	159 , 	577 
2023-2024,2610,State/Local," 	11,701,967.48 ", 	576 , 	417 , 	159 ," 	20,316 "
2023-2024,2620,Federal," 	608,171.04 ", 	532 , 	532 , 	-   ," 	1,143 "
2023-2024,2620,State/Local," 	9,231,007.96 ", 	532 , 	532 , 	-   ," 	17,352 "
2023-2024,2630,Federal," 	294,620.78 ", 	310 , 	310 , 	-   , 	950 
2023-2024,2630,State/Local," 	4,661,366.26 ", 	310 , 	310 , 	-   ," 	15,037 "
2023-2024,2640,Federal," 	1,101,550.45 "," 	1,554 "," 	1,417 ", 	137 , 	709 
2023-2024,2640,State/Local," 	43,508,504.26 "," 	1,554 "," 	1,417 ", 	137 ," 	27,998 "
2023-2024,2650,Federal," 	431,477.63 ", 	202 , 	202 , 	-   ," 	2,136 "
2023-2024,2650,State/Local," 	3,859,599.22 ", 	202 , 	202 , 	-   ," 	19,107 "
2023-2024,2660,Federal," 	2,795,950.64 "," 	1,463 "," 	1,328 ", 	135 ," 	1,911 "
2023-2024,2660,State/Local," 	14,503,404.29 "," 	1,463 "," 	1,328 ", 	135 ," 	9,913 "
2023-2024,2670,Federal," 	290,092.64 ", 	267 , 	267 , 	-   ," 	1,086 "
2023-2024,2670,State/Local," 	4,288,150.25 ", 	267 , 	267 , 	-   ," 	16,060 "
2023-2024,2680,Federal," 	218,632.86 ", 	266 , 	266 , 	-   , 	822 
2023-2024,2680,State/Local," 	4,784,869.27 ", 	266 , 	266 , 	-   ," 	17,988 "
2023-2024,2690,Federal," 	27,766,482.00 "," 	14,567 "," 	12,927 "," 	1,640 "," 	1,906 "
2023-2024,2690,State/Local," 	182,214,495.93 "," 	14,567 "," 	12,927 "," 	1,640 "," 	12,509 "
2023-2024,2700,Federal," 	13,273,653.09 "," 	10,655 "," 	8,983 "," 	1,672 "," 	1,246 "
2023-2024,2700,State/Local," 	118,059,338.58 "," 	10,655 "," 	8,983 "," 	1,672 "," 	11,080 "
2023-2024,2710,Federal," 	166,667.97 ", 	731 , 	731 , 	-   , 	228 
2023-2024,2710,State/Local," 	10,236,609.90 ", 	731 , 	731 , 	-   ," 	14,004 "
2023-2024,2720,Federal," 	255,320.03 ", 	502 , 	502 , 	-   , 	509 
2023-2024,2720,State/Local," 	8,415,267.52 ", 	502 , 	502 , 	-   ," 	16,763 "
2023-2024,2730,Federal," 	244,144.42 ", 	371 , 	371 , 	-   , 	658 
2023-2024,2730,State/Local," 	6,662,416.64 ", 	371 , 	371 , 	-   ," 	17,958 "
2023-2024,2740,Federal," 	2,187,076.69 "," 	1,010 "," 	1,010 ", 	-   ," 	2,165 "
2023-2024,2740,State/Local," 	13,682,726.68 "," 	1,010 "," 	1,010 ", 	-   ," 	13,547 "
2023-2024,2750,Federal," 	223,175.21 ", 	297 , 	297 , 	-   , 	751 
2023-2024,2750,State/Local," 	5,045,965.90 ", 	297 , 	297 , 	-   ," 	16,990 "
2023-2024,2760,Federal," 	360,924.36 ", 	446 , 	446 , 	-   , 	809 
2023-2024,2760,State/Local," 	7,244,764.75 ", 	446 , 	446 , 	-   ," 	16,244 "
2023-2024,2770,Federal," 	1,235,492.02 "," 	2,575 "," 	2,492 ", 	83 , 	480 
2023-2024,2770,State/Local," 	51,113,209.01 "," 	2,575 "," 	2,492 ", 	83 ," 	19,850 "
2023-2024,2790,Federal," 	315,767.27 ", 	230 , 	230 , 	-   ," 	1,373 "
2023-2024,2790,State/Local," 	3,547,759.71 ", 	230 , 	230 , 	-   ," 	15,425 "
2023-2024,2800,Federal," 	889,785.15 ", 	189 , 	102 , 	87 ," 	4,708 "
2023-2024,2800,State/Local," 	4,242,595.04 ", 	189 , 	102 , 	87 ," 	22,448 "
2023-2024,2810,Federal," 	2,520,651.50 ", 	606 , 	606 , 	-   ," 	4,159 "
2023-2024,2810,State/Local," 	10,849,182.70 ", 	606 , 	606 , 	-   ," 	17,903 "
2023-2024,2820,Federal," 	149,044.90 ", 	75 , 	75 , 	-   ," 	1,987 "
2023-2024,2820,State/Local," 	2,612,269.35 ", 	75 , 	75 , 	-   ," 	34,830 "
2023-2024,2830,Federal," 	922,666.32 ", 	801 , 	801 , 	-   ," 	1,152 "
2023-2024,2830,State/Local," 	18,389,914.45 ", 	801 , 	801 , 	-   ," 	22,959 "
2023-2024,2840,Federal," 	168,449.28 ", 	193 , 	193 , 	-   , 	873 
2023-2024,2840,State/Local," 	4,223,653.00 ", 	193 , 	193 , 	-   ," 	21,884 "
2023-2024,2862,Federal," 	328,236.63 ", 	797 , 	797 , 	-   , 	412 
2023-2024,2862,State/Local," 	8,471,908.54 ", 	797 , 	797 , 	-   ," 	10,630 "
2023-2024,2865,Federal," 	131,591.00 ", 	145 , 	145 , 	-   , 	908 
2023-2024,2865,State/Local," 	2,941,244.42 ", 	145 , 	145 , 	-   ," 	20,284 "
2023-2024,3000,Federal," 	1,916,134.92 "," 	3,572 "," 	3,572 ", 	-   , 	536 
2023-2024,3000,State/Local," 	65,945,073.94 "," 	3,572 "," 	3,572 ", 	-   ," 	18,462 "
2023-2024,3010,Federal," 	1,892,391.19 ", 	284 , 	284 , 	-   ," 	6,663 "
2023-2024,3010,State/Local," 	6,083,809.65 ", 	284 , 	284 , 	-   ," 	21,422 "
2023-2024,3020,Federal," 	1,427,130.80 "," 	2,015 "," 	1,579 ", 	436 , 	708 
2023-2024,3020,State/Local," 	30,180,664.39 "," 	2,015 "," 	1,579 ", 	436 ," 	14,978 "
2023-2024,3030,Federal," 	233,342.07 ", 	415 , 	415 , 	-   , 	562 
2023-2024,3030,State/Local," 	6,167,630.70 ", 	415 , 	415 , 	-   ," 	14,862 "
2023-2024,3040,Federal," 	180,468.14 ", 	92 , 	92 , 	-   ," 	1,962 "
2023-2024,3040,State/Local," 	2,714,942.71 ", 	92 , 	92 , 	-   ," 	29,510 "
2023-2024,3050,Federal," 	231,230.00 ", 	198 , 	198 , 	-   ," 	1,168 "
2023-2024,3050,State/Local," 	3,773,148.22 ", 	198 , 	198 , 	-   ," 	19,056 "
2023-2024,3060,Federal," 	637,635.99 ", 	125 , 	125 , 	-   ," 	5,101 "
2023-2024,3060,State/Local," 	2,600,097.54 ", 	125 , 	125 , 	-   ," 	20,801 "
2023-2024,3070,Federal," 	120,029.73 ", 	76 , 	76 , 	-   ," 	1,579 "
2023-2024,3070,State/Local," 	2,070,323.04 ", 	76 , 	76 , 	-   ," 	27,241 "
2023-2024,3080,Federal," 	1,163,466.62 "," 	1,768 "," 	1,768 ", 	-   , 	658 
2023-2024,3080,State/Local," 	30,439,813.15 "," 	1,768 "," 	1,768 ", 	-   ," 	17,217 "
2023-2024,3085,Federal," 	617,275.27 "," 	2,007 "," 	2,007 ", 	-   , 	308 
2023-2024,3085,State/Local," 	25,086,151.64 "," 	2,007 "," 	2,007 ", 	-   ," 	12,499 "
2023-2024,3090,Federal," 	3,374,939.68 "," 	2,715 "," 	2,535 ", 	180 ," 	1,243 "
2023-2024,3090,State/Local," 	34,611,369.60 "," 	2,715 "," 	2,535 ", 	180 ," 	12,748 "
2023-2024,3100,Federal," 	2,841,404.01 "," 	8,459 "," 	6,517 "," 	1,942 ", 	336 
2023-2024,3100,State/Local," 	104,850,425.00 "," 	8,459 "," 	6,517 "," 	1,942 "," 	12,395 "
2023-2024,3110,Federal," 	1,952,649.56 "," 	3,955 "," 	3,393 ", 	562 , 	494 
2023-2024,3110,State/Local," 	52,008,349.97 "," 	3,955 "," 	3,393 ", 	562 ," 	13,150 "
2023-2024,3120,Federal," 	33,863,719.79 "," 	22,664 "," 	17,670 "," 	4,994 "," 	1,494 "
2023-2024,3120,State/Local," 	298,554,802.90 "," 	22,664 "," 	17,670 "," 	4,994 "," 	13,173 "
2023-2024,3130,Federal," 	245,293.99 "," 	1,083 "," 	1,083 ", 	-   , 	226 
2023-2024,3130,State/Local," 	19,982,017.79 "," 	1,083 "," 	1,083 ", 	-   ," 	18,451 "
2023-2024,3140,Federal," 	4,739,009.25 "," 	2,497 "," 	2,497 ", 	-   ," 	1,898 "
2023-2024,3140,State/Local," 	32,841,040.61 "," 	2,497 "," 	2,497 ", 	-   ," 	13,152 "
2023-2024,3145,Federal," 	414,102.52 ", 	960 , 	960 , 	-   , 	431 
2023-2024,3145,State/Local," 	12,168,319.03 ", 	960 , 	960 , 	-   ," 	12,675 "
2023-2024,3146,Federal," 	86,105.71 ", 	172 , 	172 , 	-   , 	501 
2023-2024,3146,State/Local," 	4,539,254.06 ", 	172 , 	172 , 	-   ," 	26,391 "
2023-2024,3147,Federal," 	123,263.42 ", 	178 , 	178 , 	-   , 	692 
2023-2024,3147,State/Local," 	4,414,990.02 ", 	178 , 	178 , 	-   ," 	24,803 "
2023-2024,3148,Federal," 	126,721.25 ", 	68 , 	68 , 	-   ," 	1,864 "
2023-2024,3148,State/Local," 	2,181,037.21 ", 	68 , 	68 , 	-   ," 	32,074 "
2023-2024,3200,Federal," 	667,503.23 ", 	843 , 	843 , 	-   , 	792 
2023-2024,3200,State/Local," 	11,005,376.63 ", 	843 , 	843 , 	-   ," 	13,055 "
2023-2024,3210,Federal," 	513,037.21 ", 	742 , 	742 , 	-   , 	691 
2023-2024,3210,State/Local," 	11,542,106.63 ", 	742 , 	742 , 	-   ," 	15,555 "
2023-2024,3220,Federal," 	228,742.56 ", 	164 , 	164 , 	-   ," 	1,395 "
2023-2024,3220,State/Local," 	3,495,854.51 ", 	164 , 	164 , 	-   ," 	21,316 "
2023-2024,3230,Federal," 	161,258.15 ", 	64 , 	64 , 	-   ," 	2,520 "
2023-2024,3230,State/Local," 	1,608,895.51 ", 	64 , 	64 , 	-   ," 	25,139 "
2023-2024,8001,Federal," 	14,326,945.22 "," 	23,013 ", 	-   ," 	23,013 ", 	623 
2023-2024,8001,State/Local," 	267,669,621.70 "," 	23,013 ", 	-   ," 	23,013 "," 	11,631 "
2023-2024,8041,Federal," 	273,584.98 ", 	-   , 	-   , 	-   ,
2023-2024,8041,State/Local," 	2,075,614.98 ", 	-   , 	-   , 	-   ,
2023-2024,8042,Federal," 	234,145.22 ", 	-   , 	-   , 	-   ,
2023-2024,8042,State/Local," 	7,608,735.71 ", 	-   , 	-   , 	-   ,
2023-2024,9025,Federal," 	4,051,223.25 ", 	-   , 	-   , 	-   ,
2023-2024,9025,State/Local," 	12,103,318.91 ", 	-   , 	-   , 	-   ,
2023-2024,9030,Federal," 	882,393.33 ", 	-   , 	-   , 	-   ,
2023-2024,9030,State/Local," 	3,067,634.48 ", 	-   , 	-   , 	-   ,
2023-2024,9035,Federal," 	5,536,773.81 ", 	141 , 	141 , 	-   ," 	39,268 "
2023-2024,9035,State/Local," 	9,093,421.08 ", 	141 , 	141 , 	-   ," 	64,492 "
2023-2024,9040,Federal," 	3,060,479.10 ", 	-   , 	-   , 	-   ,
2023-2024,9040,State/Local," 	5,447,656.43 ", 	-   , 	-   , 	-   ,
2023-2024,9045,Federal," 	1,889,663.24 ", 	-   , 	-   , 	-   ,
2023-2024,9045,State/Local," 	12,998,404.66 ", 	-   , 	-   , 	-   ,
2023-2024,9050,Federal," 	3,037,663.58 ", 	51 , 	51 , 	-   ," 	59,562 "
2023-2024,9050,State/Local," 	7,301,624.57 ", 	51 , 	51 , 	-   ," 	143,169 "
2023-2024,9055,Federal," 	3,293,386.29 ", 	-   , 	-   , 	-   ,
2023-2024,9055,State/Local," 	4,854,231.47 ", 	-   , 	-   , 	-   ,
2023-2024,9060,Federal," 	3,162,901.79 ", 	-   , 	-   , 	-   ,
2023-2024,9060,State/Local," 	3,491,054.07 ", 	-   , 	-   , 	-   ,
2023-2024,9075,Federal," 	933,838.17 ", 	-   , 	-   , 	-   ,
2023-2024,9075,State/Local," 	2,557,869.88 ", 	-   , 	-   , 	-   ,
2023-2024,9095,Federal," 	1,304,260.25 ", 	-   , 	-   , 	-   ,
2023-2024,9095,State/Local," 	2,894,431.56 ", 	-   , 	-   , 	-   ,
2023-2024,9120,State/Local," 	924,683.13 ", 	-   , 	-   , 	-   ,
2023-2024,9125,Federal," 	460,151.38 ", 	-   , 	-   , 	-   ,
2023-2024,9125,State/Local," 	2,195,865.88 ", 	-   , 	-   , 	-   ,
2023-2024,9130,State/Local," 	4,792,531.31 ", 	379 , 	379 , 	-   ," 	12,645 "
2023-2024,9135,State/Local," 	2,553,238.60 ", 	-   , 	-   , 	-   ,
2023-2024,9140,Federal," 	418,162.27 ", 	-   , 	-   , 	-   ,
2023-2024,9140,State/Local," 	2,473,172.05 ", 	-   , 	-   , 	-   ,
2023-2024,9145,Federal," 	423,996.90 ", 	-   , 	-   , 	-   ,
2023-2024,9145,State/Local," 	1,430,385.65 ", 	-   , 	-   , 	-   ,
2023-2024,9150,Federal," 	1,216,648.45 ", 	-   , 	-   , 	-   ,
2023-2024,9150,State/Local," 	3,451,417.19 ", 	-   , 	-   , 	-   ,
2023-2024,9165,Federal," 	880,759.71 ", 	-   , 	-   , 	-   ,
2023-2024,9165,State/Local," 	2,002,808.02 ", 	-   , 	-   , 	-   ,
2023-2024,9170,Federal," 	778,915.28 "," 	7,114 "," 	7,114 ", 	-   , 	109 
2023-2024,9170,State/Local," 	55,943,247.16 "," 	7,114 "," 	7,114 ", 	-   ," 	7,864 "
2023-2024,9175,Federal," 	2,783,490.28 ", 	165 , 	165 , 	-   ," 	16,870 "
2023-2024,9175,State/Local," 	8,689,883.18 ", 	165 , 	165 , 	-   ," 	52,666 "
2023-2024,1460,State/Local, 	-   , 	117 , 	117 , 	-   , 	-   
2023-2024,2540,State/Local, 	-   , 	355 , 	355 , 	-   , 	-   
2023-2024,2780,State/Local, 	-   , 	341 , 	341 , 	-   , 	-   
2023-2024,9000,State/Local, 	-   , 	160 , 	160 , 	-   , 	-   