District Code,Organization Name,"All Students
Membership Base",Stability Rate,"All Students
Mobility Rate","All Students
Mobility Incidence Rate","Female 
Membership Base","Female 
Stability Rate","Female 
Mobility Rate","Female 
Mobility Incidence Rate","Male 
Membership Base","Male 
Stability Rate","Male 
Mobility Rate","Male 
Mobility Incidence Rate","Non-Binary 
Membership Base","Non-Binary 
Stability Rate","Non-Binary  
Mobility Rate","Non-Binary 
Mobility Incidence Rate","American Indian or Alaska Native 
Membership Base","American Indian or Alaska Native 
Stability Rate","American Indian or Alaska Native  
Mobility Rate","American Indian or Alaska Native 
Mobility Incidence Rate","Asian 
Membership Base","Asian 
Stability Rate","Asian  
Mobility Rate","Asian 
Mobility Incidence Rate","Black or African American 
Membership Base","Black or African American 
Stability Rate","Black or African American  
Mobility Rate","Black or African American 
Mobility Incidence Rate","Hispanic or Latino 
Membership Base","Hispanic or Latino 
Stability Rate","Hispanic or Latino  
Mobility Rate","Hispanic or Latino 
Mobility Incidence Rate","White 
Membership Base","White 
Stability Rate","White  
Mobility Rate","White 
Mobility Incidence Rate","Native Hawaiian or Other Pacific Islander 
Membership Base","Native Hawaiian or Other Pacific Islander 
Stability Rate","Native Hawaiian or Other Pacific Islander  
Mobility Rate","Native Hawaiian or Other Pacific Islander 
Mobility Incidence Rate","Two or More Races 
Membership Base","Two or More Races 
Stability Rate","Two or More Races  
Mobility Rate","Two or More Races 
Mobility Incidence Rate",
0010,Mapleton 1,"6,896",89.5%,10.5%,11.7%,51 or greater,89.4%,10.6%,11.7%,51 or greater,89.5%,10.5%,11.6%,N/A,<= 2%,<= 2%,<= 2%,50 or less,95.7%,4.3%,4.3%,178,88.8%,11.2%,12.9%,74,81.1%,18.9%,18.9%,"5,588",89.3%,10.7%,11.8%,887,90.9%,9.1%,9.9%,50 or less,90.0%,10.0%,10.0%,136,90.4%,9.6%,11.8%,
0020,Adams 12 Five Star Schools,"35,598",92.6%,7.4%,7.8%,"17,212",92.6%,7.4%,7.8%,"18,360",92.6%,7.4%,7.8%,50 or less,96.2%,3.8%,3.8%,150,91.3%,8.7%,8.7%,"2,456",93.6%,6.4%,6.5%,579,80.8%,19.2%,20.7%,"16,512",89.4%,10.6%,11.3%,"14,103",96.3%,3.7%,3.8%,50 or less,81.0%,19.0%,19.0%,"1,756",95.6%,4.4%,4.5%,
0030,Adams County 14,"5,589",84.9%,15.1%,16.4%,51 or greater,83.9%,16.1%,17.2%,"2,986",85.8%,14.2%,15.6%,N/A,<= 2%,<= 2%,<= 2%,50 or less,88.0%,12.0%,12.0%,50 or less,73.3%,26.7%,26.7%,90,78.9%,21.1%,27.8%,"4,968",85.1%,14.9%,16.0%,416,85.8%,14.2%,14.4%,50 or less,55.6%,44.4%,77.8%,66,72.7%,27.3%,27.3%,
0040,School District 27J,"23,311",92.0%,8.0%,8.6%,"11,354",92.3%,7.7%,8.1%,"11,957",91.7%,8.3%,9.0%,N/A,<= 2%,<= 2%,<= 2%,93,89.2%,10.8%,10.8%,816,93.0%,7.0%,7.1%,672,86.6%,13.4%,14.9%,"11,916",90.9%,9.1%,9.9%,"8,851",93.9%,6.1%,6.4%,71,76.1%,23.9%,23.9%,892,91.4%,8.6%,8.7%,
0050,Bennett 29J,"1,686",86.2%,13.8%,14.5%,51 or greater,86.3%,13.7%,14.6%,855,86.1%,13.9%,14.4%,N/A,<= 2%,<= 2%,<= 2%,50 or less,80.6%,19.4%,22.6%,50 or less,82.8%,17.2%,17.2%,98,87.8%,12.2%,14.3%,738,84.7%,15.3%,15.9%,656,88.7%,11.3%,11.6%,50 or less,87.5%,12.5%,12.5%,126,82.5%,17.5%,19.0%,
0060,Strasburg 31J,"1,132",93.9%,6.1%,6.2%,51 or greater,93.1%,6.9%,6.9%,578,94.6%,5.4%,5.5%,N/A,<= 2%,<= 2%,<= 2%,50 or less,>= 98%,<= 2%,<= 2%,50 or less,>= 98%,<= 2%,<= 2%,50 or less,>= 98%,<= 2%,<= 2%,406,91.6%,8.4%,8.6%,645,95.0%,5.0%,5.0%,50 or less,>= 98%,<= 2%,<= 2%,50 or less,93.8%,6.3%,6.3%,
0070,Westminster Public Schools,"7,789",86.2%,13.8%,14.9%,"3,826",85.7%,14.3%,15.4%,"3,963",86.6%,13.4%,14.4%,N/A,<= 2%,<= 2%,<= 2%,53,88.7%,11.3%,11.3%,227,93.8%,6.2%,6.2%,136,74.3%,25.7%,25.7%,"6,119",85.6%,14.4%,15.6%,"1,041",89.8%,10.2%,11.0%,50 or less,80.9%,19.1%,23.4%,166,83.7%,16.3%,16.3%,
0100,Alamosa RE-11J,"2,138",91.9%,8.1%,8.8%,51 or greater,92.0%,8.0%,8.9%,"1,099",91.7%,8.3%,8.7%,N/A,<= 2%,<= 2%,<= 2%,50 or less,90.0%,10.0%,13.3%,50 or less,>= 98%,<= 2%,<= 2%,50 or less,69.6%,30.4%,30.4%,"1,354",92.1%,7.9%,8.6%,650,93.8%,6.2%,6.3%,50 or less,80.0%,20.0%,20.0%,55,72.7%,27.3%,30.9%,
0110,Sangre De Cristo Re-22J,274,92.0%,8.0%,8.0%,51 or greater,93.8%,6.2%,6.2%,144,90.3%,9.7%,9.7%,N/A,<= 2%,<= 2%,<= 2%,50 or less,88.9%,11.1%,11.1%,50 or less,<= 2%,<= 2%,<= 2%,50 or less,>= 98%,<= 2%,<= 2%,50 or less,82.9%,17.1%,17.1%,224,93.3%,6.7%,6.7%,50 or less,<= 2%,<= 2%,<= 2%,50 or less,>= 98%,<= 2%,<= 2%,
0120,Englewood 1,"2,298",87.5%,12.5%,13.1%,51 or greater,86.9%,13.1%,13.8%,"1,169",88.0%,12.0%,12.4%,N/A,<= 2%,<= 2%,<= 2%,50 or less,78.6%,21.4%,21.4%,50 or less,91.3%,8.7%,8.7%,112,83.0%,17.0%,17.0%,989,86.2%,13.8%,14.4%,"1,034",89.7%,10.3%,10.7%,50 or less,>= 98%,<= 2%,<= 2%,122,82.0%,18.0%,19.7%,
0123,Sheridan 2,"1,035",85.3%,14.7%,15.9%,541,85.2%,14.8%,16.3%,51 or greater,85.4%,14.6%,15.6%,N/A,<= 2%,<= 2%,<= 2%,50 or less,>= 98%,<= 2%,<= 2%,50 or less,83.3%,16.7%,16.7%,50 or less,81.3%,18.8%,18.8%,822,86.0%,14.0%,15.2%,140,82.1%,17.9%,20.0%,50 or less,<= 2%,<= 2%,<= 2%,50 or less,83.3%,16.7%,16.7%,
0130,Cherry Creek 5,"52,899",92.9%,7.1%,7.5%,"25,368",93.1%,6.9%,7.4%,"27,459",92.7%,7.3%,7.7%,72,97.2%,2.8%,2.8%,239,95.4%,4.6%,5.0%,"4,613",94.4%,5.6%,5.7%,"6,152",90.5%,9.5%,10.1%,"12,745",87.1%,12.9%,14.0%,"24,240",96.5%,3.5%,3.7%,174,77.6%,22.4%,23.6%,"4,736",92.4%,7.6%,8.1%,
0140,Littleton 6,"13,131",95.8%,4.2%,4.4%,51 or greater,95.9%,4.1%,4.3%,"6,699",95.7%,4.3%,4.5%,N/A,<= 2%,<= 2%,<= 2%,50 or less,79.5%,20.5%,20.5%,300,95.7%,4.3%,4.7%,201,81.1%,18.9%,19.4%,"2,373",90.0%,10.0%,10.6%,"9,477",97.7%,2.3%,2.4%,50 or less,>= 98%,<= 2%,<= 2%,714,95.2%,4.8%,4.9%,
0170,Deer Trail 26J,339,87.0%,13.0%,13.3%,156,87.2%,12.8%,12.8%,183,86.9%,13.1%,13.7%,N/A,<= 2%,<= 2%,<= 2%,50 or less,<= 2%,<= 2%,<= 2%,50 or less,<= 2%,<= 2%,<= 2%,50 or less,86.7%,13.3%,13.3%,153,89.5%,10.5%,11.1%,151,88.7%,11.3%,11.3%,50 or less,38.5%,61.5%,61.5%,50 or less,85.7%,14.3%,14.3%,
0180,Adams-Arapahoe 28J,"41,231",85.7%,14.3%,15.4%,"19,965",85.7%,14.3%,15.3%,"21,266",85.6%,14.4%,15.5%,N/A,<= 2%,<= 2%,<= 2%,269,76.6%,23.4%,27.5%,"1,904",90.3%,9.7%,9.9%,"6,756",88.5%,11.5%,12.2%,"24,050",83.9%,16.1%,17.5%,"5,472",88.8%,11.2%,11.8%,460,70.9%,29.1%,34.3%,"2,320",89.0%,11.0%,11.8%,
0190,Byers 32J,"9,275",52.8%,47.2%,51.7%,"5,060",53.0%,47.0%,51.4%,"4,215",52.5%,47.5%,52.0%,N/A,<= 2%,<= 2%,<= 2%,122,50.8%,49.2%,56.6%,147,46.9%,53.1%,59.2%,843,49.8%,50.2%,55.5%,"3,142",52.6%,47.4%,51.8%,"4,940",53.6%,46.4%,50.6%,72,47.2%,52.8%,54.2%,50 or less,>= 98%,<= 2%,<= 2%,
0220,Archuleta County 50 Jt,"1,714",87.0%,13.0%,13.5%,826,88.9%,11.1%,11.7%,888,85.4%,14.6%,15.2%,N/A,<= 2%,<= 2%,<= 2%,111,80.2%,19.8%,20.7%,50 or less,>= 98%,<= 2%,<= 2%,50 or less,88.9%,11.1%,11.1%,602,89.9%,10.1%,10.6%,935,85.6%,14.4%,15.1%,50 or less,<= 2%,>= 98%,>= 98%,50 or less,97.8%,2.2%,2.2%,
0230,Walsh RE-1,164,96.3%,3.7%,4.9%,51 or greater,96.8%,3.2%,4.8%,102,96.1%,3.9%,4.9%,N/A,<= 2%,<= 2%,<= 2%,50 or less,>= 98%,<= 2%,<= 2%,50 or less,<= 2%,<= 2%,<= 2%,50 or less,>= 98%,<= 2%,<= 2%,50 or less,93.3%,6.7%,6.7%,127,96.9%,3.1%,4.7%,50 or less,<= 2%,<= 2%,<= 2%,50 or less,>= 98%,<= 2%,<= 2%,
0240,Pritchett RE-3,52,94.2%,5.8%,5.8%,50 or less,95.2%,4.8%,4.8%,50 or less,93.5%,6.5%,6.5%,N/A,<= 2%,<= 2%,<= 2%,50 or less,<= 2%,<= 2%,<= 2%,50 or less,<= 2%,<= 2%,<= 2%,50 or less,<= 2%,<= 2%,<= 2%,50 or less,>= 98%,<= 2%,<= 2%,50 or less,93.6%,6.4%,6.4%,50 or less,<= 2%,<= 2%,<= 2%,50 or less,<= 2%,<= 2%,<= 2%,
0250,Springfield RE-4,278,86.7%,13.3%,16.2%,51 or greater,88.0%,12.0%,14.3%,145,85.5%,14.5%,17.9%,N/A,<= 2%,<= 2%,<= 2%,50 or less,80.0%,20.0%,20.0%,50 or less,>= 98%,<= 2%,<= 2%,50 or less,<= 2%,<= 2%,<= 2%,50 or less,75.6%,24.4%,36.6%,201,88.6%,11.4%,11.9%,50 or less,<= 2%,<= 2%,<= 2%,50 or less,89.7%,10.3%,17.2%,
0260,Vilas RE-5,363,94.8%,5.2%,5.5%,51 or greater,94.2%,5.8%,5.8%,191,95.3%,4.7%,5.2%,N/A,<= 2%,<= 2%,<= 2%,50 or less,>= 98%,<= 2%,<= 2%,50 or less,>= 98%,<= 2%,<= 2%,50 or less,<= 2%,<= 2%,<= 2%,50 or less,85.4%,14.6%,17.1%,302,96.4%,3.6%,3.6%,50 or less,<= 2%,<= 2%,<= 2%,50 or less,86.7%,13.3%,13.3%,
0270,Campo RE-6,16-50,68.6%,31.4%,34.3%,50 or less,64.7%,35.3%,35.3%,50 or less,72.2%,27.8%,33.3%,50 or less,<= 2%,<= 2%,<= 2%,50 or less,<= 2%,<= 2%,<= 2%,50 or less,<= 2%,<= 2%,<= 2%,50 or less,<= 2%,<= 2%,<= 2%,50 or less,33.3%,66.7%,66.7%,50 or less,71.4%,28.6%,32.1%,50 or less,<= 2%,<= 2%,<= 2%,50 or less,75.0%,25.0%,25.0%,
0290,Las Animas RE-1,"1,023",82.3%,17.7%,18.6%,519,83.0%,17.0%,17.5%,51 or greater,81.5%,18.5%,19.6%,N/A,<= 2%,<= 2%,<= 2%,50 or less,>= 98%,<= 2%,<= 2%,50 or less,>= 98%,<= 2%,<= 2%,50 or less,63.6%,36.4%,40.9%,650,79.5%,20.5%,21.4%,333,88.3%,11.7%,12.3%,50 or less,>= 98%,<= 2%,<= 2%,50 or less,92.3%,7.7%,7.7%,
0310,McClave Re-2,236,93.2%,6.8%,7.2%,110,94.5%,5.5%,5.5%,126,92.1%,7.9%,8.7%,N/A,<= 2%,<= 2%,<= 2%,50 or less,<= 2%,<= 2%,<= 2%,50 or less,<= 2%,<= 2%,<= 2%,50 or less,40.0%,60.0%,60.0%,56,92.9%,7.1%,7.1%,175,94.9%,5.1%,5.7%,50 or less,<= 2%,<= 2%,<= 2%,50 or less,<= 2%,<= 2%,<= 2%,
0470,St Vrain Valley RE1J,"32,123",94.7%,5.3%,5.6%,"15,760",94.6%,5.4%,5.6%,"16,363",94.7%,5.3%,5.5%,N/A,<= 2%,<= 2%,<= 2%,84,86.9%,13.1%,13.1%,"1,102",95.6%,4.4%,4.7%,329,87.2%,12.8%,14.6%,"9,991",91.9%,8.1%,8.7%,"19,349",96.3%,3.7%,3.8%,50 or less,>= 98%,<= 2%,<= 2%,"1,240",93.5%,6.5%,7.0%,
0480,Boulder Valley Re 2,"28,239",95.3%,4.7%,4.8%,"13,586",95.3%,4.7%,4.8%,"14,588",95.4%,4.6%,4.8%,65,76.9%,23.1%,24.6%,78,91.0%,9.0%,10.3%,"1,611",93.8%,6.2%,6.3%,306,86.6%,13.4%,14.4%,"5,931",90.6%,9.4%,9.7%,"18,441",97.0%,3.0%,3.1%,50 or less,97.2%,2.8%,2.8%,"1,836",96.6%,3.4%,3.4%,
0490,Buena Vista R-31,957,86.2%,13.8%,16.1%,51 or greater,83.9%,16.1%,19.0%,504,88.3%,11.7%,13.5%,N/A,<= 2%,<= 2%,<= 2%,50 or less,>= 98%,<= 2%,<= 2%,50 or less,>= 98%,<= 2%,<= 2%,50 or less,>= 98%,<= 2%,<= 2%,162,78.4%,21.6%,28.4%,749,87.4%,12.6%,14.0%,50 or less,<= 2%,<= 2%,<= 2%,50 or less,88.5%,11.5%,11.5%,
0500,Salida R-32,"1,314",92.5%,7.5%,8.1%,51 or greater,90.4%,9.6%,10.5%,666,94.4%,5.6%,5.7%,N/A,<= 2%,<= 2%,<= 2%,50 or less,>= 98%,<= 2%,<= 2%,50 or less,80.0%,20.0%,20.0%,50 or less,>= 98%,<= 2%,<= 2%,213,83.6%,16.4%,17.4%,"1,046",94.7%,5.3%,5.7%,50 or less,>= 98%,<= 2%,<= 2%,50 or less,80.5%,19.5%,19.5%,
0510,Kit Carson R-1,106,77.4%,22.6%,22.6%,58,77.6%,22.4%,22.4%,50 or less,77.1%,22.9%,22.9%,N/A,<= 2%,<= 2%,<= 2%,50 or less,>= 98%,<= 2%,<= 2%,50 or less,>= 98%,<= 2%,<= 2%,50 or less,>= 98%,<= 2%,<= 2%,50 or less,69.6%,30.4%,30.4%,74,79.7%,20.3%,20.3%,50 or less,<= 2%,<= 2%,<= 2%,50 or less,50.0%,50.0%,50.0%,
0520,Cheyenne County Re-5,170,95.3%,4.7%,5.9%,51 or greater,94.6%,5.4%,5.4%,96,95.8%,4.2%,6.3%,N/A,<= 2%,<= 2%,<= 2%,50 or less,>= 98%,<= 2%,<= 2%,50 or less,<= 2%,<= 2%,<= 2%,50 or less,<= 2%,<= 2%,<= 2%,50 or less,96.8%,3.2%,6.5%,137,94.9%,5.1%,5.8%,50 or less,<= 2%,<= 2%,<= 2%,50 or less,>= 98%,<= 2%,<= 2%,
0540,Clear Creek RE-1,623,91.2%,8.8%,9.3%,51 or greater,91.2%,8.8%,9.9%,340,91.2%,8.8%,8.8%,N/A,<= 2%,<= 2%,<= 2%,50 or less,75.0%,25.0%,25.0%,50 or less,>= 98%,<= 2%,<= 2%,50 or less,40.0%,60.0%,60.0%,69,84.1%,15.9%,17.4%,489,93.0%,7.0%,7.4%,50 or less,<= 2%,<= 2%,<= 2%,50 or less,95.0%,5.0%,5.0%,
0550,North Conejos RE-1J,971,95.4%,4.6%,4.6%,497,96.0%,4.0%,4.0%,51 or greater,94.7%,5.3%,5.3%,N/A,<= 2%,<= 2%,<= 2%,50 or less,50.0%,50.0%,50.0%,50 or less,85.7%,14.3%,14.3%,50 or less,>= 98%,<= 2%,<= 2%,498,96.0%,4.0%,4.0%,455,95.2%,4.8%,4.8%,50 or less,<= 2%,<= 2%,<= 2%,50 or less,75.0%,25.0%,25.0%,
0560,Sanford 6J,386,97.4%,2.6%,2.6%,186,97.3%,2.7%,2.7%,200,97.5%,2.5%,2.5%,N/A,<= 2%,<= 2%,<= 2%,50 or less,<= 2%,<= 2%,<= 2%,50 or less,<= 2%,<= 2%,<= 2%,50 or less,>= 98%,<= 2%,<= 2%,121,>= 98%,<= 2%,<= 2%,262,96.9%,3.1%,3.1%,50 or less,<= 2%,<= 2%,<= 2%,50 or less,>= 98%,<= 2%,<= 2%,
0580,South Conejos RE-10,174,88.5%,11.5%,11.5%,80,91.3%,8.8%,8.8%,94,86.2%,13.8%,13.8%,N/A,<= 2%,<= 2%,<= 2%,50 or less,<= 2%,<= 2%,<= 2%,50 or less,<= 2%,<= 2%,<= 2%,50 or less,<= 2%,<= 2%,<= 2%,157,92.4%,7.6%,7.6%,50 or less,52.9%,47.1%,47.1%,50 or less,<= 2%,<= 2%,<= 2%,50 or less,<= 2%,<= 2%,<= 2%,
0640,Centennial R-1,187,79.7%,20.3%,22.5%,91,80.2%,19.8%,20.9%,96,79.2%,20.8%,24.0%,N/A,<= 2%,<= 2%,<= 2%,50 or less,<= 2%,<= 2%,<= 2%,50 or less,<= 2%,<= 2%,<= 2%,50 or less,<= 2%,<= 2%,<= 2%,146,86.3%,13.7%,16.4%,50 or less,57.5%,42.5%,42.5%,50 or less,<= 2%,>= 98%,>= 98%,50 or less,<= 2%,<= 2%,<= 2%,
0740,Sierra Grande R-30,287,88.5%,11.5%,12.5%,51 or greater,85.2%,14.8%,16.4%,159,91.2%,8.8%,9.4%,N/A,<= 2%,<= 2%,<= 2%,50 or less,>= 98%,<= 2%,<= 2%,50 or less,<= 2%,<= 2%,<= 2%,50 or less,>= 98%,<= 2%,<= 2%,227,91.2%,8.8%,9.3%,50 or less,73.5%,26.5%,30.6%,50 or less,<= 2%,<= 2%,<= 2%,50 or less,>= 98%,<= 2%,<= 2%,
0770,Crowley County RE-1-J,386,83.2%,16.8%,18.4%,51 or greater,83.6%,16.4%,18.7%,215,82.8%,17.2%,18.1%,N/A,<= 2%,<= 2%,<= 2%,50 or less,>= 98%,<= 2%,<= 2%,50 or less,>= 98%,<= 2%,<= 2%,50 or less,80.0%,20.0%,40.0%,169,82.2%,17.8%,20.1%,199,84.4%,15.6%,16.1%,50 or less,<= 2%,<= 2%,<= 2%,50 or less,72.7%,27.3%,27.3%,
0860,Custer County School District C-1,344,84.9%,15.1%,15.7%,51 or greater,81.0%,19.0%,19.6%,176,88.6%,11.4%,11.9%,N/A,<= 2%,<= 2%,<= 2%,50 or less,>= 98%,<= 2%,<= 2%,50 or less,>= 98%,<= 2%,<= 2%,50 or less,60.0%,40.0%,40.0%,50 or less,84.6%,15.4%,15.4%,288,85.1%,14.9%,15.6%,50 or less,<= 2%,<= 2%,<= 2%,50 or less,87.0%,13.0%,13.0%,
0870,Delta County 50(J),"4,485",91.6%,8.4%,9.2%,51 or greater,91.5%,8.5%,9.3%,"2,307",91.8%,8.2%,9.0%,N/A,<= 2%,<= 2%,<= 2%,50 or less,94.4%,5.6%,5.6%,50 or less,>= 98%,<= 2%,<= 2%,50 or less,>= 98%,<= 2%,<= 2%,"1,060",91.9%,8.1%,9.2%,"3,148",91.6%,8.4%,9.1%,50 or less,50.0%,50.0%,50.0%,202,88.1%,11.9%,12.9%,
0880,Denver County 1,"89,431",89.0%,11.0%,12.0%,"43,602",89.3%,10.7%,11.7%,"45,564",88.7%,11.3%,12.3%,265,92.1%,7.9%,8.3%,494,85.0%,15.0%,15.8%,"2,757",90.4%,9.6%,10.0%,"11,621",88.8%,11.2%,12.0%,"47,624",85.9%,14.1%,15.5%,"21,537",95.5%,4.5%,4.8%,872,74.5%,25.5%,26.8%,"4,526",93.1%,6.9%,7.3%,
0890,Dolores County RE No.2,248,89.9%,10.1%,10.9%,51 or greater,87.6%,12.4%,13.3%,143,91.6%,8.4%,9.1%,N/A,<= 2%,<= 2%,<= 2%,50 or less,<= 2%,>= 98%,>= 98%,50 or less,<= 2%,<= 2%,<= 2%,50 or less,<= 2%,<= 2%,<= 2%,50 or less,93.3%,6.7%,6.7%,226,90.3%,9.7%,10.6%,50 or less,<= 2%,<= 2%,<= 2%,50 or less,>= 98%,<= 2%,<= 2%,
0900,Douglas County Re 1,"61,679",94.6%,5.4%,5.6%,"30,057",94.6%,5.4%,5.6%,"31,622",94.5%,5.5%,5.6%,N/A,<= 2%,<= 2%,<= 2%,227,92.1%,7.9%,7.9%,"4,307",94.4%,5.6%,5.9%,"1,042",88.1%,11.9%,12.8%,"10,360",91.4%,8.6%,8.9%,"41,668",95.5%,4.5%,4.6%,88,88.6%,11.4%,11.4%,"3,987",95.1%,4.9%,5.3%,
0910,Eagle County RE 50,"6,448",94.0%,6.0%,6.5%,51 or greater,93.8%,6.2%,6.7%,"3,391",94.3%,5.7%,6.3%,N/A,<= 2%,<= 2%,<= 2%,50 or less,95.0%,5.0%,5.0%,50 or less,84.4%,15.6%,15.6%,50 or less,91.4%,8.6%,8.6%,"3,430",91.6%,8.4%,9.2%,"2,768",97.2%,2.8%,3.0%,50 or less,>= 98%,<= 2%,<= 2%,149,94.0%,6.0%,6.7%,
0920,Elizabeth School District,"2,571",92.9%,7.1%,7.2%,51 or greater,92.4%,7.6%,7.6%,"1,342",93.3%,6.7%,6.9%,N/A,<= 2%,<= 2%,<= 2%,50 or less,90.9%,9.1%,9.1%,50 or less,76.5%,23.5%,23.5%,50 or less,84.2%,15.8%,15.8%,350,90.0%,10.0%,10.0%,"2,074",93.8%,6.2%,6.3%,50 or less,>= 98%,<= 2%,<= 2%,85,88.2%,11.8%,11.8%,
0930,Kiowa C-2,307,84.7%,15.3%,15.3%,158,84.8%,15.2%,15.2%,51 or greater,84.6%,15.4%,15.4%,N/A,<= 2%,<= 2%,<= 2%,50 or less,>= 98%,<= 2%,<= 2%,50 or less,<= 2%,<= 2%,<= 2%,50 or less,>= 98%,<= 2%,<= 2%,50 or less,86.0%,14.0%,14.0%,252,84.5%,15.5%,15.5%,50 or less,>= 98%,<= 2%,<= 2%,50 or less,50.0%,50.0%,50.0%,
0940,Big Sandy 100J,308,94.5%,5.5%,5.8%,145,93.8%,6.2%,6.9%,163,95.1%,4.9%,4.9%,N/A,<= 2%,<= 2%,<= 2%,50 or less,<= 2%,<= 2%,<= 2%,50 or less,>= 98%,<= 2%,<= 2%,50 or less,<= 2%,<= 2%,<= 2%,50 or less,88.6%,11.4%,11.4%,254,95.3%,4.7%,5.1%,50 or less,<= 2%,<= 2%,<= 2%,50 or less,>= 98%,<= 2%,<= 2%,
0950,Elbert 200,262,93.1%,6.9%,6.9%,51 or greater,91.2%,8.8%,8.8%,137,94.9%,5.1%,5.1%,N/A,<= 2%,<= 2%,<= 2%,50 or less,>= 98%,<= 2%,<= 2%,50 or less,<= 2%,<= 2%,<= 2%,50 or less,>= 98%,<= 2%,<= 2%,50 or less,>= 98%,<= 2%,<= 2%,225,92.0%,8.0%,8.0%,50 or less,>= 98%,<= 2%,<= 2%,50 or less,>= 98%,<= 2%,<= 2%,
0960,Agate 300,74,87.8%,12.2%,13.5%,50 or less,89.5%,10.5%,10.5%,50 or less,86.1%,13.9%,16.7%,N/A,<= 2%,<= 2%,<= 2%,50 or less,<= 2%,<= 2%,<= 2%,50 or less,<= 2%,<= 2%,<= 2%,50 or less,<= 2%,<= 2%,<= 2%,50 or less,90.9%,9.1%,9.1%,51,86.3%,13.7%,15.7%,50 or less,<= 2%,<= 2%,<= 2%,50 or less,>= 98%,<= 2%,<= 2%,
0970,Calhan RJ-1,433,91.2%,8.8%,9.7%,216,91.7%,8.3%,10.2%,217,90.8%,9.2%,9.2%,N/A,<= 2%,<= 2%,<= 2%,50 or less,<= 2%,<= 2%,<= 2%,50 or less,>= 98%,<= 2%,<= 2%,50 or less,72.4%,27.6%,27.6%,50 or less,71.4%,28.6%,40.0%,363,94.5%,5.5%,5.5%,50 or less,<= 2%,<= 2%,<= 2%,50 or less,>= 98%,<= 2%,<= 2%,
0980,Harrison 2,"13,114",87.5%,12.5%,13.1%,"6,449",87.4%,12.6%,13.2%,"6,664",87.6%,12.4%,13.0%,50 or less,<= 2%,>= 98%,>= 98%,65,93.8%,6.2%,6.2%,284,91.9%,8.1%,8.8%,"1,559",83.5%,16.5%,17.9%,"6,834",88.4%,11.6%,12.1%,"3,226",87.4%,12.6%,12.9%,87,81.6%,18.4%,19.5%,"1,059",86.6%,13.4%,14.1%,
0990,Widefield 3,"9,543",88.8%,11.2%,11.8%,"4,630",89.0%,11.0%,11.6%,"4,913",88.5%,11.5%,12.0%,N/A,<= 2%,<= 2%,<= 2%,55,78.2%,21.8%,25.5%,144,84.7%,15.3%,16.0%,931,87.2%,12.8%,13.3%,"3,265",88.0%,12.0%,12.9%,"3,967",90.1%,9.9%,10.2%,126,87.3%,12.7%,12.7%,"1,055",88.7%,11.3%,11.8%,
1000,Fountain 8,"8,086",84.0%,16.0%,16.4%,"3,902",83.8%,16.2%,16.6%,"4,184",84.1%,15.9%,16.3%,N/A,<= 2%,<= 2%,<= 2%,72,80.6%,19.4%,19.4%,132,75.8%,24.2%,24.2%,855,80.6%,19.4%,19.9%,"2,481",82.1%,17.9%,18.3%,"3,481",85.6%,14.4%,14.8%,161,88.8%,11.2%,11.2%,904,86.5%,13.5%,13.7%,
1010,Colorado Springs 11,"23,404",86.6%,13.4%,14.2%,"11,321",86.3%,13.7%,14.6%,"12,083",86.8%,13.2%,14.0%,N/A,<= 2%,<= 2%,<= 2%,122,80.3%,19.7%,20.5%,270,90.4%,9.6%,9.6%,"1,678",80.6%,19.4%,21.2%,"8,576",85.1%,14.9%,15.9%,"10,538",89.2%,10.8%,11.4%,86,89.5%,10.5%,12.8%,"2,134",84.2%,15.8%,16.7%,
1020,Cheyenne Mountain 12,"3,785",93.3%,6.7%,8.0%,51 or greater,94.5%,5.5%,6.3%,"1,986",92.2%,7.8%,9.5%,N/A,<= 2%,<= 2%,<= 2%,50 or less,93.3%,6.7%,6.7%,112,88.4%,11.6%,12.5%,110,63.6%,36.4%,48.2%,633,86.1%,13.9%,17.4%,"2,611",96.3%,3.7%,4.1%,50 or less,>= 98%,<= 2%,<= 2%,292,94.5%,5.5%,5.5%,
1030,Manitou Springs 14,"1,233",93.8%,6.2%,6.5%,51 or greater,93.2%,6.8%,6.8%,645,94.6%,5.4%,6.0%,50 or less,<= 2%,>= 98%,>= 98%,50 or less,>= 98%,<= 2%,<= 2%,50 or less,92.3%,7.7%,7.7%,50 or less,>= 98%,<= 2%,<= 2%,143,92.3%,7.7%,9.1%,967,93.9%,6.1%,6.3%,50 or less,<= 2%,<= 2%,<= 2%,90,94.4%,5.6%,5.6%,
1040,Academy 20,"26,934",94.3%,5.7%,6.0%,"13,299",94.3%,5.7%,6.1%,"13,635",94.2%,5.8%,6.0%,N/A,<= 2%,<= 2%,<= 2%,79,89.9%,10.1%,10.1%,"1,106",93.6%,6.4%,6.6%,887,85.1%,14.9%,15.4%,"4,506",92.1%,7.9%,8.8%,"17,996",95.3%,4.7%,4.8%,75,90.7%,9.3%,9.3%,"2,285",94.4%,5.6%,5.8%,
1050,Ellicott 22,951,89.2%,10.8%,10.9%,51 or greater,88.2%,11.8%,11.8%,494,90.1%,9.9%,10.1%,N/A,<= 2%,<= 2%,<= 2%,50 or less,75.0%,25.0%,25.0%,50 or less,>= 98%,<= 2%,<= 2%,50 or less,88.2%,11.8%,11.8%,379,92.3%,7.7%,7.7%,476,87.2%,12.8%,13.0%,50 or less,>= 98%,<= 2%,<= 2%,53,84.9%,15.1%,15.1%,
1060,Peyton 23 Jt,597,95.0%,5.0%,5.2%,294,94.6%,5.4%,5.8%,303,95.4%,4.6%,4.6%,N/A,<= 2%,<= 2%,<= 2%,50 or less,<= 2%,<= 2%,<= 2%,50 or less,85.7%,14.3%,28.6%,50 or less,88.9%,11.1%,11.1%,86,95.3%,4.7%,4.7%,458,95.0%,5.0%,5.0%,50 or less,>= 98%,<= 2%,<= 2%,50 or less,97.2%,2.8%,2.8%,
1070,Hanover 28,284,81.7%,18.3%,19.0%,145,80.7%,19.3%,20.0%,51 or greater,82.7%,17.3%,18.0%,N/A,<= 2%,<= 2%,<= 2%,50 or less,>= 98%,<= 2%,<= 2%,50 or less,<= 2%,<= 2%,<= 2%,50 or less,>= 98%,<= 2%,<= 2%,112,83.0%,17.0%,17.0%,153,78.4%,21.6%,22.9%,50 or less,>= 98%,<= 2%,<= 2%,50 or less,>= 98%,<= 2%,<= 2%,
1080,Lewis-Palmer 38,"6,503",94.9%,5.1%,5.2%,51 or greater,95.3%,4.7%,4.9%,"3,393",94.6%,5.4%,5.6%,N/A,<= 2%,<= 2%,<= 2%,50 or less,>= 98%,<= 2%,<= 2%,110,>= 98%,<= 2%,<= 2%,95,90.5%,9.5%,10.5%,842,90.3%,9.7%,9.9%,"4,973",95.8%,4.2%,4.4%,50 or less,>= 98%,<= 2%,<= 2%,452,94.5%,5.5%,5.5%,
1110,District 49,"26,678",87.2%,12.8%,13.2%,"12,979",87.2%,12.8%,13.3%,"13,699",87.3%,12.7%,13.1%,N/A,<= 2%,<= 2%,<= 2%,180,73.9%,26.1%,27.8%,487,90.6%,9.4%,10.1%,"1,294",83.5%,16.5%,16.9%,"8,419",83.1%,16.9%,17.5%,"13,625",89.9%,10.1%,10.4%,89,88.8%,11.2%,11.2%,"2,584",88.5%,11.5%,11.7%,
1120,Edison 54 JT,74,79.7%,20.3%,20.3%,50 or less,77.8%,22.2%,22.2%,50 or less,81.6%,18.4%,18.4%,N/A,<= 2%,<= 2%,<= 2%,50 or less,<= 2%,<= 2%,<= 2%,50 or less,50.0%,50.0%,50.0%,50 or less,>= 98%,<= 2%,<= 2%,50 or less,88.9%,11.1%,11.1%,61,78.7%,21.3%,21.3%,50 or less,<= 2%,<= 2%,<= 2%,50 or less,>= 98%,<= 2%,<= 2%,
1130,Miami/Yoder 60 JT,398,83.7%,16.3%,16.6%,208,83.7%,16.3%,16.3%,190,83.7%,16.3%,16.8%,N/A,<= 2%,<= 2%,<= 2%,50 or less,<= 2%,<= 2%,<= 2%,50 or less,<= 2%,<= 2%,<= 2%,50 or less,<= 2%,>= 98%,>= 98%,109,85.3%,14.7%,14.7%,264,81.8%,18.2%,18.6%,50 or less,<= 2%,<= 2%,<= 2%,50 or less,>= 98%,<= 2%,<= 2%,
1140,Canon City RE-1,"3,189",92.3%,7.7%,7.8%,51 or greater,92.4%,7.6%,7.7%,"1,662",92.3%,7.7%,7.9%,N/A,<= 2%,<= 2%,<= 2%,50 or less,82.4%,17.6%,17.6%,50 or less,75.0%,25.0%,25.0%,50 or less,>= 98%,<= 2%,<= 2%,501,90.4%,9.6%,10.0%,"2,468",92.8%,7.2%,7.4%,50 or less,>= 98%,<= 2%,<= 2%,158,93.0%,7.0%,7.0%,
1150,Fremont RE-2,"1,333",90.1%,9.9%,10.6%,51 or greater,90.1%,9.9%,10.3%,694,90.1%,9.9%,10.8%,N/A,<= 2%,<= 2%,<= 2%,50 or less,83.3%,16.7%,16.7%,50 or less,>= 98%,<= 2%,<= 2%,50 or less,>= 98%,<= 2%,<= 2%,265,92.8%,7.2%,8.7%,992,89.5%,10.5%,11.0%,50 or less,>= 98%,<= 2%,<= 2%,53,84.9%,15.1%,15.1%,
1160,Cotopaxi RE-3,166,83.1%,16.9%,18.1%,51 or greater,82.3%,17.7%,19.0%,87,83.9%,16.1%,17.2%,N/A,<= 2%,<= 2%,<= 2%,50 or less,>= 98%,<= 2%,<= 2%,50 or less,<= 2%,<= 2%,<= 2%,50 or less,<= 2%,<= 2%,<= 2%,50 or less,86.7%,13.3%,13.3%,142,83.8%,16.2%,17.6%,50 or less,<= 2%,<= 2%,<= 2%,50 or less,57.1%,42.9%,42.9%,
1180,Roaring Fork RE-1,"5,850",92.3%,7.7%,8.5%,51 or greater,92.2%,7.8%,8.6%,"3,005",92.3%,7.7%,8.4%,N/A,<= 2%,<= 2%,<= 2%,50 or less,87.0%,13.0%,13.0%,50 or less,96.4%,3.6%,3.6%,50 or less,53.3%,46.7%,60.0%,"3,342",89.6%,10.4%,11.3%,"2,302",96.5%,3.5%,3.8%,50 or less,50.0%,50.0%,50.0%,123,95.9%,4.1%,4.9%,
1195,Garfield Re-2,"4,729",90.8%,9.2%,9.7%,51 or greater,90.6%,9.4%,9.9%,"2,388",91.0%,9.0%,9.6%,N/A,<= 2%,<= 2%,<= 2%,50 or less,88.9%,11.1%,11.1%,50 or less,>= 98%,<= 2%,<= 2%,50 or less,68.8%,31.3%,31.3%,"2,658",88.9%,11.1%,12.0%,"1,952",93.5%,6.5%,6.7%,50 or less,50.0%,50.0%,50.0%,80,95.0%,5.0%,6.3%,
1220,Garfield 16,"1,173",89.0%,11.0%,11.7%,51 or greater,87.9%,12.1%,13.1%,602,90.0%,10.0%,10.3%,N/A,<= 2%,<= 2%,<= 2%,50 or less,80.0%,20.0%,20.0%,50 or less,75.0%,25.0%,25.0%,50 or less,83.3%,16.7%,16.7%,524,88.4%,11.6%,12.2%,599,89.6%,10.4%,11.2%,50 or less,>= 98%,<= 2%,<= 2%,50 or less,91.2%,8.8%,8.8%,
1330,Gilpin County RE-1,386,91.5%,8.5%,9.1%,210,89.0%,11.0%,11.4%,51 or greater,94.3%,5.7%,6.3%,N/A,<= 2%,<= 2%,<= 2%,50 or less,<= 2%,>= 98%,>= 98%,50 or less,>= 98%,<= 2%,<= 2%,50 or less,71.4%,28.6%,57.1%,51,86.3%,13.7%,13.7%,298,93.3%,6.7%,6.7%,50 or less,<= 2%,<= 2%,<= 2%,50 or less,>= 98%,<= 2%,<= 2%,
1340,West Grand 1-JT,429,90.9%,9.1%,9.8%,223,90.1%,9.9%,10.3%,51 or greater,91.7%,8.3%,9.2%,N/A,<= 2%,<= 2%,<= 2%,50 or less,>= 98%,<= 2%,<= 2%,50 or less,>= 98%,<= 2%,<= 2%,50 or less,<= 2%,<= 2%,<= 2%,121,86.0%,14.0%,15.7%,295,92.5%,7.5%,7.8%,50 or less,>= 98%,<= 2%,<= 2%,50 or less,>= 98%,<= 2%,<= 2%,
1350,East Grand 2,"1,288",90.9%,9.1%,9.6%,51 or greater,90.8%,9.2%,9.8%,666,91.0%,9.0%,9.5%,N/A,<= 2%,<= 2%,<= 2%,50 or less,>= 98%,<= 2%,<= 2%,50 or less,>= 98%,<= 2%,<= 2%,50 or less,>= 98%,<= 2%,<= 2%,274,85.0%,15.0%,16.1%,976,92.5%,7.5%,7.7%,50 or less,>= 98%,<= 2%,<= 2%,50 or less,57.1%,42.9%,71.4%,
1360,Gunnison Watershed RE1J,"2,053",94.3%,5.7%,6.0%,51 or greater,94.2%,5.8%,6.1%,"1,085",94.5%,5.5%,6.0%,N/A,<= 2%,<= 2%,<= 2%,50 or less,>= 98%,<= 2%,<= 2%,50 or less,>= 98%,<= 2%,<= 2%,50 or less,75.0%,25.0%,25.0%,438,87.9%,12.1%,13.2%,"1,524",96.5%,3.5%,3.7%,50 or less,>= 98%,<= 2%,<= 2%,50 or less,88.0%,12.0%,12.0%,
1380,Hinsdale County RE 1,68,92.6%,7.4%,7.4%,50 or less,93.3%,6.7%,6.7%,50 or less,92.1%,7.9%,7.9%,N/A,<= 2%,<= 2%,<= 2%,50 or less,>= 98%,<= 2%,<= 2%,50 or less,<= 2%,<= 2%,<= 2%,50 or less,>= 98%,<= 2%,<= 2%,50 or less,>= 98%,<= 2%,<= 2%,60,91.7%,8.3%,8.3%,50 or less,<= 2%,<= 2%,<= 2%,50 or less,>= 98%,<= 2%,<= 2%,
1390,Huerfano Re-1,490,83.5%,16.5%,17.8%,51 or greater,83.8%,16.2%,17.6%,268,83.2%,16.8%,17.9%,N/A,<= 2%,<= 2%,<= 2%,50 or less,66.7%,33.3%,33.3%,50 or less,>= 98%,<= 2%,<= 2%,50 or less,>= 98%,<= 2%,<= 2%,258,86.0%,14.0%,14.3%,202,79.2%,20.8%,23.3%,50 or less,>= 98%,<= 2%,<= 2%,50 or less,>= 98%,<= 2%,<= 2%,
1400,La Veta Re-2,203,89.7%,10.3%,11.3%,89,88.8%,11.2%,12.4%,114,90.4%,9.6%,10.5%,N/A,<= 2%,<= 2%,<= 2%,50 or less,<= 2%,<= 2%,<= 2%,50 or less,<= 2%,>= 98%,>= 98%,50 or less,>= 98%,<= 2%,<= 2%,50 or less,88.9%,11.1%,13.3%,153,91.5%,8.5%,9.2%,50 or less,<= 2%,<= 2%,<= 2%,50 or less,<= 2%,>= 98%,>= 98%,
1410,North Park R-1,150,85.3%,14.7%,16.0%,70,88.6%,11.4%,14.3%,80,82.5%,17.5%,17.5%,N/A,<= 2%,<= 2%,<= 2%,50 or less,<= 2%,<= 2%,<= 2%,50 or less,<= 2%,<= 2%,<= 2%,50 or less,<= 2%,<= 2%,<= 2%,50 or less,81.5%,18.5%,18.5%,122,86.1%,13.9%,15.6%,50 or less,<= 2%,<= 2%,<= 2%,50 or less,>= 98%,<= 2%,<= 2%,
1420,Jefferson County R-1,"75,402",94.6%,5.4%,5.7%,"36,873",94.8%,5.2%,5.5%,"38,529",94.4%,5.6%,5.8%,N/A,<= 2%,<= 2%,<= 2%,352,91.8%,8.2%,8.5%,"2,166",95.4%,4.6%,4.8%,"1,080",78.3%,21.7%,24.3%,"19,417",90.1%,9.9%,10.5%,"48,818",96.7%,3.3%,3.4%,111,82.0%,18.0%,18.9%,"3,458",94.6%,5.4%,5.6%,
1430,Eads RE-1,198,92.9%,7.1%,7.1%,97,88.7%,11.3%,11.3%,101,97.0%,3.0%,3.0%,N/A,<= 2%,<= 2%,<= 2%,50 or less,<= 2%,<= 2%,<= 2%,50 or less,<= 2%,<= 2%,<= 2%,50 or less,>= 98%,<= 2%,<= 2%,50 or less,76.9%,23.1%,23.1%,165,95.2%,4.8%,4.8%,50 or less,<= 2%,<= 2%,<= 2%,50 or less,>= 98%,<= 2%,<= 2%,
1440,Plainview RE-2,395,95.7%,4.3%,4.3%,207,95.7%,4.3%,4.3%,51 or greater,95.7%,4.3%,4.3%,N/A,<= 2%,<= 2%,<= 2%,50 or less,>= 98%,<= 2%,<= 2%,50 or less,>= 98%,<= 2%,<= 2%,50 or less,>= 98%,<= 2%,<= 2%,50 or less,90.5%,9.5%,9.5%,337,96.7%,3.3%,3.3%,50 or less,>= 98%,<= 2%,<= 2%,50 or less,71.4%,28.6%,28.6%,
1450,Arriba-Flagler C-20,155,96.1%,3.9%,3.9%,85,96.5%,3.5%,3.5%,70,95.7%,4.3%,4.3%,N/A,<= 2%,<= 2%,<= 2%,50 or less,<= 2%,<= 2%,<= 2%,50 or less,>= 98%,<= 2%,<= 2%,50 or less,<= 2%,<= 2%,<= 2%,50 or less,>= 98%,<= 2%,<= 2%,145,95.9%,4.1%,4.1%,50 or less,<= 2%,<= 2%,<= 2%,50 or less,>= 98%,<= 2%,<= 2%,
1460,Hi-Plains R-23,116,88.8%,11.2%,11.2%,61,91.8%,8.2%,8.2%,51 or greater,85.5%,14.5%,14.5%,N/A,<= 2%,<= 2%,<= 2%,50 or less,>= 98%,<= 2%,<= 2%,50 or less,<= 2%,<= 2%,<= 2%,50 or less,>= 98%,<= 2%,<= 2%,50 or less,82.6%,17.4%,17.4%,88,89.8%,10.2%,10.2%,50 or less,<= 2%,<= 2%,<= 2%,50 or less,<= 2%,<= 2%,<= 2%,
1480,Stratton R-4,215,93.5%,6.5%,6.5%,51 or greater,92.5%,7.5%,7.5%,122,94.3%,5.7%,5.7%,N/A,<= 2%,<= 2%,<= 2%,50 or less,>= 98%,<= 2%,<= 2%,50 or less,>= 98%,<= 2%,<= 2%,50 or less,<= 2%,<= 2%,<= 2%,50 or less,89.6%,10.4%,10.4%,164,94.5%,5.5%,5.5%,50 or less,<= 2%,<= 2%,<= 2%,50 or less,<= 2%,<= 2%,<= 2%,
1490,Bethune R-5,101,96.0%,4.0%,4.0%,51 or greater,96.2%,3.8%,3.8%,50 or less,95.8%,4.2%,4.2%,N/A,<= 2%,<= 2%,<= 2%,50 or less,<= 2%,<= 2%,<= 2%,50 or less,<= 2%,<= 2%,<= 2%,50 or less,>= 98%,<= 2%,<= 2%,50 or less,91.3%,8.7%,8.7%,52,>= 98%,<= 2%,<= 2%,50 or less,<= 2%,<= 2%,<= 2%,50 or less,>= 98%,<= 2%,<= 2%,
1500,Burlington RE-6J,714,93.7%,6.3%,7.1%,51 or greater,93.5%,6.5%,6.8%,378,93.9%,6.1%,7.4%,N/A,<= 2%,<= 2%,<= 2%,50 or less,>= 98%,<= 2%,<= 2%,50 or less,57.1%,42.9%,42.9%,50 or less,92.3%,7.7%,7.7%,324,92.3%,7.7%,9.0%,353,95.5%,4.5%,5.1%,50 or less,<= 2%,<= 2%,<= 2%,50 or less,>= 98%,<= 2%,<= 2%,
1510,Lake County R-1,944,89.5%,10.5%,11.0%,461,90.0%,10.0%,10.4%,483,89.0%,11.0%,11.6%,N/A,<= 2%,<= 2%,<= 2%,50 or less,<= 2%,<= 2%,<= 2%,50 or less,>= 98%,<= 2%,<= 2%,50 or less,<= 2%,<= 2%,<= 2%,591,88.2%,11.8%,12.5%,322,92.9%,7.1%,7.5%,50 or less,<= 2%,<= 2%,<= 2%,50 or less,77.8%,22.2%,22.2%,
1520,Durango 9-R,"5,305",90.7%,9.3%,9.7%,"2,537",90.7%,9.3%,9.9%,"2,765",90.7%,9.3%,9.5%,50 or less,66.7%,33.3%,66.7%,258,83.7%,16.3%,16.3%,50 or less,88.4%,11.6%,11.6%,52,65.4%,34.6%,34.6%,"1,215",87.4%,12.6%,13.1%,"3,458",93.1%,6.9%,7.4%,50 or less,71.4%,28.6%,28.6%,272,88.2%,11.8%,12.9%,
1530,Bayfield 10 Jt-R,"1,299",92.8%,7.2%,7.8%,625,91.8%,8.2%,9.0%,674,93.6%,6.4%,6.7%,N/A,<= 2%,<= 2%,<= 2%,51,96.1%,3.9%,3.9%,50 or less,>= 98%,<= 2%,<= 2%,50 or less,>= 98%,<= 2%,<= 2%,240,90.8%,9.2%,10.8%,946,92.9%,7.1%,7.4%,50 or less,>= 98%,<= 2%,<= 2%,54,94.4%,5.6%,5.6%,
1540,Ignacio 11 JT,678,90.6%,9.4%,10.8%,328,90.2%,9.8%,11.3%,350,90.9%,9.1%,10.3%,N/A,<= 2%,<= 2%,<= 2%,207,89.4%,10.6%,11.1%,50 or less,>= 98%,<= 2%,<= 2%,50 or less,<= 2%,<= 2%,<= 2%,244,90.6%,9.4%,9.8%,189,92.6%,7.4%,11.1%,50 or less,>= 98%,<= 2%,<= 2%,50 or less,84.4%,15.6%,15.6%,
1550,Poudre R-1,"29,805",95.1%,4.9%,5.2%,"14,423",95.0%,5.0%,5.2%,"15,372",95.2%,4.8%,5.1%,50 or less,70.0%,30.0%,30.0%,112,89.3%,10.7%,10.7%,789,94.8%,5.2%,5.3%,400,85.0%,15.0%,15.8%,"6,112",91.2%,8.8%,9.4%,"20,925",96.5%,3.5%,3.7%,50 or less,91.7%,8.3%,8.3%,"1,431",95.5%,4.5%,4.8%,
1560,Thompson R2-J,"15,003",92.8%,7.2%,7.6%,"7,399",92.6%,7.4%,7.9%,"7,604",93.0%,7.0%,7.2%,N/A,<= 2%,<= 2%,<= 2%,92,90.2%,9.8%,9.8%,166,92.2%,7.8%,7.8%,150,80.7%,19.3%,20.0%,"3,564",89.8%,10.2%,11.0%,"10,325",94.1%,5.9%,6.2%,50 or less,94.1%,5.9%,5.9%,689,92.0%,8.0%,8.1%,
1570,Estes Park R-3,"1,024",89.6%,10.4%,10.7%,515,88.5%,11.5%,11.8%,51 or greater,90.6%,9.4%,9.6%,N/A,<= 2%,<= 2%,<= 2%,50 or less,50.0%,50.0%,50.0%,50 or less,94.7%,5.3%,5.3%,50 or less,60.0%,40.0%,40.0%,333,88.3%,11.7%,12.0%,654,90.4%,9.6%,9.9%,50 or less,<= 2%,<= 2%,<= 2%,50 or less,90.9%,9.1%,9.1%,
1580,Trinidad 1,807,87.1%,12.9%,13.8%,51 or greater,84.8%,15.2%,16.2%,425,89.2%,10.8%,11.5%,N/A,<= 2%,<= 2%,<= 2%,50 or less,62.5%,37.5%,37.5%,50 or less,>= 98%,<= 2%,<= 2%,50 or less,81.8%,18.2%,18.2%,541,90.4%,9.6%,10.4%,227,81.1%,18.9%,20.3%,50 or less,<= 2%,<= 2%,<= 2%,50 or less,76.5%,23.5%,23.5%,
1590,Primero Reorganized 2,241,92.1%,7.9%,10.0%,119,89.1%,10.9%,13.4%,122,95.1%,4.9%,6.6%,N/A,<= 2%,<= 2%,<= 2%,50 or less,<= 2%,<= 2%,<= 2%,50 or less,<= 2%,<= 2%,<= 2%,50 or less,<= 2%,<= 2%,<= 2%,139,92.1%,7.9%,11.5%,94,91.5%,8.5%,8.5%,50 or less,<= 2%,<= 2%,<= 2%,50 or less,>= 98%,<= 2%,<= 2%,
1600,Hoehne Reorganized 3,304,92.4%,7.6%,9.5%,153,92.8%,7.2%,10.5%,51 or greater,92.1%,7.9%,8.6%,N/A,<= 2%,<= 2%,<= 2%,50 or less,>= 98%,<= 2%,<= 2%,50 or less,>= 98%,<= 2%,<= 2%,50 or less,<= 2%,<= 2%,<= 2%,173,94.8%,5.2%,7.5%,116,88.8%,11.2%,12.1%,50 or less,<= 2%,<= 2%,<= 2%,50 or less,87.5%,12.5%,25.0%,
1620,Aguilar Reorganized 6,110,90.9%,9.1%,9.1%,56,92.9%,7.1%,7.1%,51 or greater,88.9%,11.1%,11.1%,N/A,<= 2%,<= 2%,<= 2%,50 or less,<= 2%,>= 98%,>= 98%,50 or less,<= 2%,<= 2%,<= 2%,50 or less,<= 2%,<= 2%,<= 2%,50 or less,86.7%,13.3%,13.3%,61,95.1%,4.9%,4.9%,50 or less,<= 2%,<= 2%,<= 2%,50 or less,>= 98%,<= 2%,<= 2%,
1750,Branson Reorganized 82,430,87.4%,12.6%,12.8%,225,84.4%,15.6%,15.6%,205,90.7%,9.3%,9.8%,N/A,<= 2%,<= 2%,<= 2%,50 or less,<= 2%,<= 2%,<= 2%,50 or less,>= 98%,<= 2%,<= 2%,50 or less,>= 98%,<= 2%,<= 2%,73,89.0%,11.0%,11.0%,321,86.6%,13.4%,13.7%,50 or less,<= 2%,<= 2%,<= 2%,50 or less,57.1%,42.9%,42.9%,
1760,Kim Reorganized 88,16-50,91.7%,8.3%,8.3%,50 or less,>= 98%,<= 2%,<= 2%,50 or less,83.3%,16.7%,16.7%,50 or less,<= 2%,<= 2%,<= 2%,50 or less,<= 2%,<= 2%,<= 2%,50 or less,<= 2%,<= 2%,<= 2%,50 or less,<= 2%,<= 2%,<= 2%,50 or less,>= 98%,<= 2%,<= 2%,50 or less,86.7%,13.3%,13.3%,50 or less,<= 2%,<= 2%,<= 2%,50 or less,>= 98%,<= 2%,<= 2%,
1780,Genoa-Hugo C113,216,88.4%,11.6%,13.0%,51 or greater,92.1%,7.9%,8.9%,115,85.2%,14.8%,16.5%,N/A,<= 2%,<= 2%,<= 2%,50 or less,<= 2%,>= 98%,>= 98%,50 or less,<= 2%,<= 2%,<= 2%,50 or less,>= 98%,<= 2%,<= 2%,50 or less,80.0%,20.0%,20.0%,199,88.9%,11.1%,12.6%,50 or less,<= 2%,<= 2%,<= 2%,50 or less,<= 2%,<= 2%,<= 2%,
1790,Limon RE-4J,486,90.7%,9.3%,9.9%,216,88.4%,11.6%,12.5%,270,92.6%,7.4%,7.8%,N/A,<= 2%,<= 2%,<= 2%,50 or less,<= 2%,<= 2%,<= 2%,50 or less,>= 98%,<= 2%,<= 2%,50 or less,>= 98%,<= 2%,<= 2%,99,79.8%,20.2%,23.2%,362,94.2%,5.8%,5.8%,50 or less,40.0%,60.0%,60.0%,50 or less,92.9%,7.1%,7.1%,
1810,Karval RE-23,16-50,93.8%,6.3%,6.3%,50 or less,86.7%,13.3%,13.3%,50 or less,>= 98%,<= 2%,<= 2%,50 or less,<= 2%,<= 2%,<= 2%,50 or less,<= 2%,<= 2%,<= 2%,50 or less,<= 2%,<= 2%,<= 2%,50 or less,<= 2%,<= 2%,<= 2%,50 or less,<= 2%,<= 2%,<= 2%,50 or less,93.8%,6.3%,6.3%,50 or less,<= 2%,<= 2%,<= 2%,50 or less,<= 2%,<= 2%,<= 2%,
1828,Valley RE-1,"1,883",89.3%,10.7%,11.3%,51 or greater,89.8%,10.2%,10.8%,997,88.9%,11.1%,11.6%,N/A,<= 2%,<= 2%,<= 2%,50 or less,90.0%,10.0%,10.0%,50 or less,90.9%,9.1%,9.1%,50 or less,75.0%,25.0%,25.0%,539,89.2%,10.8%,11.5%,"1,247",89.3%,10.7%,11.2%,50 or less,33.3%,66.7%,66.7%,57,96.5%,3.5%,3.5%,
1850,Frenchman RE-3,205,96.1%,3.9%,3.9%,82,95.1%,4.9%,4.9%,123,96.7%,3.3%,3.3%,N/A,<= 2%,<= 2%,<= 2%,50 or less,<= 2%,<= 2%,<= 2%,50 or less,>= 98%,<= 2%,<= 2%,50 or less,>= 98%,<= 2%,<= 2%,50 or less,88.9%,11.1%,11.1%,185,96.8%,3.2%,3.2%,50 or less,<= 2%,<= 2%,<= 2%,50 or less,<= 2%,<= 2%,<= 2%,
1860,Buffalo RE-4J,325,97.5%,2.5%,2.5%,145,95.9%,4.1%,4.1%,180,>= 98%,<= 2%,<= 2%,N/A,<= 2%,<= 2%,<= 2%,50 or less,<= 2%,<= 2%,<= 2%,50 or less,>= 98%,<= 2%,<= 2%,50 or less,50.0%,50.0%,50.0%,50 or less,91.7%,8.3%,8.3%,282,>= 98%,<= 2%,<= 2%,50 or less,<= 2%,<= 2%,<= 2%,50 or less,>= 98%,<= 2%,<= 2%,
1870,Plateau RE-5,184,97.8%,2.2%,2.2%,51 or greater,>= 98%,<= 2%,<= 2%,104,96.2%,3.8%,3.8%,N/A,<= 2%,<= 2%,<= 2%,50 or less,>= 98%,<= 2%,<= 2%,50 or less,<= 2%,<= 2%,<= 2%,50 or less,<= 2%,<= 2%,<= 2%,50 or less,>= 98%,<= 2%,<= 2%,170,97.6%,2.4%,2.4%,50 or less,<= 2%,<= 2%,<= 2%,50 or less,<= 2%,<= 2%,<= 2%,
1980,De Beque 49JT,164,90.9%,9.1%,9.1%,83,89.2%,10.8%,10.8%,51 or greater,92.6%,7.4%,7.4%,N/A,<= 2%,<= 2%,<= 2%,50 or less,>= 98%,<= 2%,<= 2%,50 or less,>= 98%,<= 2%,<= 2%,50 or less,>= 98%,<= 2%,<= 2%,50 or less,>= 98%,<= 2%,<= 2%,123,87.8%,12.2%,12.2%,50 or less,<= 2%,<= 2%,<= 2%,50 or less,<= 2%,<= 2%,<= 2%,
1990,Plateau Valley 50,338,79.3%,20.7%,24.0%,51 or greater,85.4%,14.6%,15.9%,187,74.3%,25.7%,30.5%,N/A,<= 2%,<= 2%,<= 2%,50 or less,60.0%,40.0%,40.0%,50 or less,<= 2%,<= 2%,<= 2%,50 or less,21.4%,78.6%,92.9%,50 or less,75.6%,24.4%,31.7%,271,83.4%,16.6%,18.8%,50 or less,<= 2%,<= 2%,<= 2%,50 or less,71.4%,28.6%,28.6%,
2000,Mesa County Valley 51,"20,107",93.6%,6.4%,6.7%,"9,720",93.8%,6.2%,6.5%,"10,387",93.4%,6.6%,7.0%,N/A,<= 2%,<= 2%,<= 2%,120,88.3%,11.7%,14.2%,166,94.0%,6.0%,6.0%,116,85.3%,14.7%,15.5%,"5,019",91.4%,8.6%,9.1%,"13,911",94.5%,5.5%,5.8%,50 or less,92.3%,7.7%,7.7%,736,94.4%,5.6%,5.7%,
2010,Creede School District,98,94.9%,5.1%,6.1%,50 or less,90.7%,9.3%,11.6%,51 or greater,>= 98%,<= 2%,<= 2%,N/A,<= 2%,<= 2%,<= 2%,50 or less,<= 2%,<= 2%,<= 2%,50 or less,<= 2%,<= 2%,<= 2%,50 or less,<= 2%,<= 2%,<= 2%,50 or less,90.0%,10.0%,10.0%,86,95.3%,4.7%,5.8%,50 or less,<= 2%,<= 2%,<= 2%,50 or less,>= 98%,<= 2%,<= 2%,
2020,Moffat County RE: No 1,"1,866",90.2%,9.8%,10.4%,51 or greater,91.3%,8.7%,9.2%,994,89.2%,10.8%,11.5%,N/A,<= 2%,<= 2%,<= 2%,50 or less,63.6%,36.4%,36.4%,50 or less,<= 2%,>= 98%,>= 98%,50 or less,76.9%,23.1%,23.1%,538,91.4%,8.6%,9.1%,"1,249",90.6%,9.4%,10.0%,50 or less,<= 2%,<= 2%,<= 2%,50 or less,82.1%,17.9%,17.9%,
2035,Montezuma-Cortez RE-1,"2,536",90.3%,9.7%,10.3%,"1,243",90.7%,9.3%,9.6%,"1,293",89.8%,10.2%,11.0%,N/A,<= 2%,<= 2%,<= 2%,621,90.2%,9.8%,9.8%,50 or less,88.9%,11.1%,11.1%,50 or less,83.3%,16.7%,16.7%,530,91.5%,8.5%,9.6%,"1,181",89.2%,10.8%,11.3%,50 or less,<= 2%,<= 2%,<= 2%,189,94.2%,5.8%,6.9%,
2055,Dolores RE-4A,646,90.4%,9.6%,9.9%,51 or greater,91.0%,9.0%,9.7%,336,89.9%,10.1%,10.1%,N/A,<= 2%,<= 2%,<= 2%,50 or less,93.5%,6.5%,6.5%,50 or less,>= 98%,<= 2%,<= 2%,50 or less,>= 98%,<= 2%,<= 2%,94,90.4%,9.6%,9.6%,500,90.2%,9.8%,10.2%,50 or less,<= 2%,<= 2%,<= 2%,50 or less,88.9%,11.1%,11.1%,
2070,Mancos Re-6,502,92.6%,7.4%,7.4%,51 or greater,92.9%,7.1%,7.1%,277,92.4%,7.6%,7.6%,N/A,<= 2%,<= 2%,<= 2%,50 or less,93.5%,6.5%,6.5%,50 or less,<= 2%,>= 98%,>= 98%,50 or less,>= 98%,<= 2%,<= 2%,74,90.5%,9.5%,9.5%,382,94.0%,6.0%,6.0%,50 or less,<= 2%,<= 2%,<= 2%,50 or less,66.7%,33.3%,33.3%,
2180,Montrose County RE-1J,"6,005",92.6%,7.4%,7.9%,51 or greater,92.4%,7.6%,8.2%,"3,109",92.7%,7.3%,7.6%,N/A,<= 2%,<= 2%,<= 2%,50 or less,89.5%,10.5%,10.5%,50 or less,94.3%,5.7%,5.7%,50 or less,96.2%,3.8%,3.8%,"2,341",91.4%,8.6%,9.3%,"3,401",93.5%,6.5%,6.9%,50 or less,83.3%,16.7%,16.7%,158,90.5%,9.5%,9.5%,
2190,West End RE-2,249,88.4%,11.6%,12.0%,125,86.4%,13.6%,13.6%,51 or greater,90.3%,9.7%,10.5%,N/A,<= 2%,<= 2%,<= 2%,50 or less,66.7%,33.3%,33.3%,50 or less,<= 2%,<= 2%,<= 2%,50 or less,>= 98%,<= 2%,<= 2%,50 or less,76.0%,24.0%,24.0%,213,90.1%,9.9%,10.3%,50 or less,<= 2%,<= 2%,<= 2%,50 or less,85.7%,14.3%,14.3%,
2395,Brush RE-2(J),"1,302",92.2%,7.8%,8.3%,654,91.9%,8.1%,8.6%,51 or greater,92.6%,7.4%,8.0%,N/A,<= 2%,<= 2%,<= 2%,50 or less,>= 98%,<= 2%,<= 2%,50 or less,80.0%,20.0%,20.0%,50 or less,81.3%,18.8%,18.8%,658,92.7%,7.3%,7.8%,607,92.3%,7.7%,8.4%,50 or less,>= 98%,<= 2%,<= 2%,50 or less,80.0%,20.0%,20.0%,
2405,Fort Morgan Re-3,"3,403",90.5%,9.5%,10.0%,51 or greater,90.3%,9.7%,10.0%,"1,717",90.7%,9.3%,10.0%,N/A,<= 2%,<= 2%,<= 2%,50 or less,92.3%,7.7%,7.7%,50 or less,71.4%,28.6%,32.1%,158,90.5%,9.5%,9.5%,"2,207",91.1%,8.9%,9.4%,937,89.8%,10.2%,11.0%,50 or less,50.0%,50.0%,50.0%,50 or less,93.0%,7.0%,7.0%,
2505,Weldon Valley RE-20(J),199,88.9%,11.1%,11.6%,99,82.8%,17.2%,18.2%,100,95.0%,5.0%,5.0%,N/A,<= 2%,<= 2%,<= 2%,50 or less,<= 2%,<= 2%,<= 2%,50 or less,<= 2%,<= 2%,<= 2%,50 or less,50.0%,50.0%,50.0%,50 or less,83.3%,16.7%,16.7%,172,90.1%,9.9%,10.5%,50 or less,<= 2%,<= 2%,<= 2%,50 or less,>= 98%,<= 2%,<= 2%,
2515,Wiggins RE-50(J),827,95.3%,4.7%,5.0%,442,95.0%,5.0%,5.2%,385,95.6%,4.4%,4.7%,N/A,<= 2%,<= 2%,<= 2%,50 or less,<= 2%,<= 2%,<= 2%,50 or less,>= 98%,<= 2%,<= 2%,50 or less,>= 98%,<= 2%,<= 2%,260,93.8%,6.2%,6.2%,541,96.1%,3.9%,4.3%,50 or less,<= 2%,<= 2%,<= 2%,50 or less,90.9%,9.1%,9.1%,
2520,East Otero R-1,"1,372",92.8%,7.2%,7.7%,51 or greater,92.5%,7.5%,8.0%,706,93.1%,6.9%,7.5%,N/A,<= 2%,<= 2%,<= 2%,50 or less,>= 98%,<= 2%,<= 2%,50 or less,>= 98%,<= 2%,<= 2%,50 or less,>= 98%,<= 2%,<= 2%,968,93.4%,6.6%,7.1%,350,91.1%,8.9%,9.4%,50 or less,83.3%,16.7%,16.7%,50 or less,90.6%,9.4%,9.4%,
2530,Rocky Ford R-2,646,86.1%,13.9%,16.1%,51 or greater,82.9%,17.1%,19.3%,324,89.2%,10.8%,13.0%,N/A,<= 2%,<= 2%,<= 2%,50 or less,75.0%,25.0%,25.0%,50 or less,>= 98%,<= 2%,<= 2%,50 or less,50.0%,50.0%,50.0%,475,89.1%,10.9%,13.7%,158,77.8%,22.2%,22.8%,50 or less,<= 2%,<= 2%,<= 2%,50 or less,75.0%,25.0%,25.0%,
2535,Manzanola 3J,192,86.5%,13.5%,14.6%,104,89.4%,10.6%,11.5%,51 or greater,82.8%,17.2%,18.4%,50 or less,>= 98%,<= 2%,<= 2%,50 or less,>= 98%,<= 2%,<= 2%,50 or less,<= 2%,<= 2%,<= 2%,50 or less,>= 98%,<= 2%,<= 2%,51,84.3%,15.7%,15.7%,118,86.4%,13.6%,15.3%,50 or less,<= 2%,<= 2%,<= 2%,50 or less,83.3%,16.7%,16.7%,
2540,Fowler R-4J,369,91.1%,8.9%,9.8%,51 or greater,88.6%,11.4%,13.3%,203,93.1%,6.9%,6.9%,N/A,<= 2%,<= 2%,<= 2%,50 or less,>= 98%,<= 2%,<= 2%,50 or less,<= 2%,<= 2%,<= 2%,50 or less,<= 2%,<= 2%,<= 2%,82,92.7%,7.3%,8.5%,273,90.8%,9.2%,9.5%,50 or less,<= 2%,<= 2%,<= 2%,50 or less,83.3%,16.7%,25.0%,
2560,Cheraw 31,207,97.1%,2.9%,2.9%,105,97.1%,2.9%,2.9%,51 or greater,97.1%,2.9%,2.9%,N/A,<= 2%,<= 2%,<= 2%,50 or less,>= 98%,<= 2%,<= 2%,50 or less,<= 2%,<= 2%,<= 2%,50 or less,<= 2%,>= 98%,>= 98%,50 or less,>= 98%,<= 2%,<= 2%,164,97.0%,3.0%,3.0%,50 or less,<= 2%,<= 2%,<= 2%,50 or less,<= 2%,<= 2%,<= 2%,
2570,Swink 33,311,91.6%,8.4%,8.7%,167,91.0%,9.0%,9.6%,51 or greater,92.4%,7.6%,7.6%,N/A,<= 2%,<= 2%,<= 2%,50 or less,66.7%,33.3%,33.3%,50 or less,>= 98%,<= 2%,<= 2%,50 or less,>= 98%,<= 2%,<= 2%,50 or less,90.5%,9.5%,9.5%,259,91.9%,8.1%,8.5%,50 or less,<= 2%,<= 2%,<= 2%,50 or less,>= 98%,<= 2%,<= 2%,
2580,Ouray R-1,162,94.4%,5.6%,5.6%,75,94.7%,5.3%,5.3%,87,94.3%,5.7%,5.7%,N/A,<= 2%,<= 2%,<= 2%,50 or less,<= 2%,<= 2%,<= 2%,50 or less,>= 98%,<= 2%,<= 2%,50 or less,>= 98%,<= 2%,<= 2%,50 or less,93.3%,6.7%,6.7%,124,94.4%,5.6%,5.6%,50 or less,<= 2%,<= 2%,<= 2%,50 or less,>= 98%,<= 2%,<= 2%,
2590,Ridgway R-2,308,91.9%,8.1%,8.8%,141,94.3%,5.7%,7.1%,166,90.4%,9.6%,9.6%,50 or less,<= 2%,>= 98%,>= 98%,50 or less,<= 2%,<= 2%,<= 2%,50 or less,>= 98%,<= 2%,<= 2%,50 or less,<= 2%,<= 2%,<= 2%,50 or less,72.2%,27.8%,30.6%,254,94.1%,5.9%,6.3%,50 or less,<= 2%,<= 2%,<= 2%,50 or less,>= 98%,<= 2%,<= 2%,
2600,Platte Canyon 1,703,93.0%,7.0%,7.3%,51 or greater,93.4%,6.6%,7.3%,387,92.8%,7.2%,7.2%,N/A,<= 2%,<= 2%,<= 2%,50 or less,>= 98%,<= 2%,<= 2%,50 or less,>= 98%,<= 2%,<= 2%,50 or less,>= 98%,<= 2%,<= 2%,88,85.2%,14.8%,14.8%,572,94.6%,5.4%,5.8%,50 or less,>= 98%,<= 2%,<= 2%,50 or less,84.4%,15.6%,15.6%,
2610,Park County RE-2,567,82.2%,17.8%,18.5%,51 or greater,81.0%,19.0%,19.8%,294,83.3%,16.7%,17.3%,N/A,<= 2%,<= 2%,<= 2%,50 or less,>= 98%,<= 2%,<= 2%,50 or less,33.3%,66.7%,66.7%,50 or less,25.0%,75.0%,75.0%,94,79.8%,20.2%,22.3%,427,84.1%,15.9%,16.2%,50 or less,<= 2%,<= 2%,<= 2%,50 or less,82.8%,17.2%,20.7%,
2620,Holyoke Re-1J,547,94.9%,5.1%,5.7%,283,95.4%,4.6%,5.3%,51 or greater,94.3%,5.7%,6.1%,N/A,<= 2%,<= 2%,<= 2%,50 or less,>= 98%,<= 2%,<= 2%,50 or less,>= 98%,<= 2%,<= 2%,50 or less,>= 98%,<= 2%,<= 2%,287,92.0%,8.0%,9.1%,252,>= 98%,<= 2%,<= 2%,50 or less,<= 2%,<= 2%,<= 2%,50 or less,>= 98%,<= 2%,<= 2%,
2630,Haxtun RE-2J,286,97.2%,2.8%,2.8%,130,>= 98%,<= 2%,<= 2%,156,96.2%,3.8%,3.8%,N/A,<= 2%,<= 2%,<= 2%,50 or less,<= 2%,<= 2%,<= 2%,50 or less,>= 98%,<= 2%,<= 2%,50 or less,>= 98%,<= 2%,<= 2%,50 or less,94.4%,5.6%,5.6%,261,97.3%,2.7%,2.7%,50 or less,>= 98%,<= 2%,<= 2%,50 or less,<= 2%,<= 2%,<= 2%,
2640,Aspen 1,"1,577",95.3%,4.7%,5.3%,790,96.1%,3.9%,4.6%,51 or greater,94.5%,5.5%,6.0%,N/A,<= 2%,<= 2%,<= 2%,50 or less,>= 98%,<= 2%,<= 2%,50 or less,93.3%,6.7%,6.7%,50 or less,83.3%,16.7%,16.7%,223,85.7%,14.3%,17.5%,"1,280",97.3%,2.7%,2.9%,50 or less,77.8%,22.2%,22.2%,50 or less,95.0%,5.0%,5.0%,
2650,Granada RE-1,199,90.5%,9.5%,10.1%,51 or greater,90.3%,9.7%,9.7%,106,90.6%,9.4%,10.4%,N/A,<= 2%,<= 2%,<= 2%,50 or less,>= 98%,<= 2%,<= 2%,50 or less,>= 98%,<= 2%,<= 2%,50 or less,<= 2%,<= 2%,<= 2%,144,91.7%,8.3%,9.0%,50 or less,86.0%,14.0%,14.0%,50 or less,<= 2%,<= 2%,<= 2%,50 or less,>= 98%,<= 2%,<= 2%,
2660,Lamar Re-2,"1,399",92.9%,7.1%,7.4%,51 or greater,93.4%,6.6%,6.8%,705,92.5%,7.5%,7.9%,N/A,<= 2%,<= 2%,<= 2%,50 or less,>= 98%,<= 2%,<= 2%,50 or less,80.0%,20.0%,20.0%,50 or less,>= 98%,<= 2%,<= 2%,869,93.0%,7.0%,7.2%,492,93.1%,6.9%,7.3%,50 or less,<= 2%,<= 2%,<= 2%,50 or less,87.5%,12.5%,12.5%,
2670,Holly RE-3,262,90.5%,9.5%,10.3%,117,92.3%,7.7%,8.5%,145,89.0%,11.0%,11.7%,N/A,<= 2%,<= 2%,<= 2%,50 or less,<= 2%,<= 2%,<= 2%,50 or less,50.0%,50.0%,50.0%,50 or less,<= 2%,<= 2%,<= 2%,152,90.8%,9.2%,9.2%,106,91.5%,8.5%,10.4%,50 or less,<= 2%,<= 2%,<= 2%,50 or less,<= 2%,<= 2%,<= 2%,
2680,Wiley RE-13 Jt,255,94.5%,5.5%,5.9%,126,93.7%,6.3%,6.3%,129,95.3%,4.7%,5.4%,N/A,<= 2%,<= 2%,<= 2%,50 or less,<= 2%,<= 2%,<= 2%,50 or less,<= 2%,<= 2%,<= 2%,50 or less,<= 2%,<= 2%,<= 2%,87,96.6%,3.4%,3.4%,164,93.3%,6.7%,7.3%,50 or less,>= 98%,<= 2%,<= 2%,50 or less,>= 98%,<= 2%,<= 2%,
2690,Pueblo City 60,"14,690",90.6%,9.4%,10.2%,"7,164",90.6%,9.4%,10.1%,"7,526",90.5%,9.5%,10.3%,N/A,<= 2%,<= 2%,<= 2%,80,90.0%,10.0%,11.3%,91,92.3%,7.7%,7.7%,373,79.1%,20.9%,23.1%,"10,377",92.1%,7.9%,8.5%,"3,362",87.6%,12.4%,13.8%,50 or less,85.7%,14.3%,14.3%,386,87.0%,13.0%,14.0%,
2700,Pueblo County 70,"10,627",93.5%,6.5%,6.8%,51 or greater,93.5%,6.5%,7.0%,"5,422",93.6%,6.4%,6.7%,N/A,<= 2%,<= 2%,<= 2%,50 or less,>= 98%,<= 2%,<= 2%,69,89.9%,10.1%,10.1%,96,75.0%,25.0%,26.0%,"4,345",93.1%,6.9%,7.2%,"5,474",94.5%,5.5%,5.9%,50 or less,90.9%,9.1%,18.2%,609,91.1%,8.9%,8.9%,
2710,Meeker RE-1,707,93.8%,6.2%,6.5%,51 or greater,93.7%,6.3%,6.9%,358,93.9%,6.1%,6.1%,N/A,<= 2%,<= 2%,<= 2%,50 or less,>= 98%,<= 2%,<= 2%,50 or less,<= 2%,<= 2%,<= 2%,50 or less,>= 98%,<= 2%,<= 2%,108,94.4%,5.6%,5.6%,581,93.6%,6.4%,6.7%,50 or less,<= 2%,<= 2%,<= 2%,50 or less,92.9%,7.1%,7.1%,
2720,Rangely RE-4,482,93.2%,6.8%,7.1%,51 or greater,93.2%,6.8%,7.2%,245,93.1%,6.9%,6.9%,N/A,<= 2%,<= 2%,<= 2%,50 or less,>= 98%,<= 2%,<= 2%,50 or less,>= 98%,<= 2%,<= 2%,50 or less,>= 98%,<= 2%,<= 2%,58,91.4%,8.6%,8.6%,406,93.6%,6.4%,6.7%,50 or less,<= 2%,<= 2%,<= 2%,50 or less,81.8%,18.2%,18.2%,
2730,Upper Rio Grande School District C-7,385,93.0%,7.0%,7.5%,51 or greater,91.5%,8.5%,9.6%,197,94.4%,5.6%,5.6%,N/A,<= 2%,<= 2%,<= 2%,50 or less,>= 98%,<= 2%,<= 2%,50 or less,<= 2%,>= 98%,>= 98%,50 or less,<= 2%,<= 2%,<= 2%,215,94.4%,5.6%,6.5%,161,91.3%,8.7%,8.7%,50 or less,<= 2%,<= 2%,<= 2%,50 or less,>= 98%,<= 2%,<= 2%,
2740,Monte Vista C-8,999,93.1%,6.9%,7.5%,51 or greater,92.7%,7.3%,8.1%,531,93.4%,6.6%,7.0%,N/A,<= 2%,<= 2%,<= 2%,50 or less,>= 98%,<= 2%,<= 2%,50 or less,>= 98%,<= 2%,<= 2%,50 or less,>= 98%,<= 2%,<= 2%,692,93.9%,6.1%,6.6%,278,90.3%,9.7%,10.4%,50 or less,<= 2%,<= 2%,<= 2%,50 or less,>= 98%,<= 2%,<= 2%,
2750,Sargent RE-33J,301,94.4%,5.6%,5.6%,165,92.1%,7.9%,7.9%,51 or greater,97.1%,2.9%,2.9%,N/A,<= 2%,<= 2%,<= 2%,50 or less,>= 98%,<= 2%,<= 2%,50 or less,<= 2%,<= 2%,<= 2%,50 or less,>= 98%,<= 2%,<= 2%,92,91.3%,8.7%,8.7%,198,96.0%,4.0%,4.0%,50 or less,<= 2%,<= 2%,<= 2%,50 or less,85.7%,14.3%,14.3%,
2760,Hayden RE-1,445,87.9%,12.1%,13.0%,234,85.5%,14.5%,15.0%,211,90.5%,9.5%,10.9%,N/A,<= 2%,<= 2%,<= 2%,50 or less,<= 2%,<= 2%,<= 2%,50 or less,>= 98%,<= 2%,<= 2%,50 or less,71.4%,28.6%,28.6%,78,74.4%,25.6%,30.8%,352,90.9%,9.1%,9.1%,50 or less,>= 98%,<= 2%,<= 2%,50 or less,>= 98%,<= 2%,<= 2%,
2770,Steamboat Springs RE-2,"2,610",94.3%,5.7%,6.7%,51 or greater,94.4%,5.6%,6.3%,"1,330",94.3%,5.7%,7.1%,50 or less,>= 98%,<= 2%,<= 2%,50 or less,>= 98%,<= 2%,<= 2%,50 or less,78.1%,21.9%,25.0%,50 or less,93.3%,6.7%,6.7%,448,87.1%,12.9%,14.7%,"2,027",96.2%,3.8%,4.7%,50 or less,>= 98%,<= 2%,<= 2%,62,95.2%,4.8%,4.8%,
2780,South Routt RE 3,318,96.2%,3.8%,4.1%,51 or greater,97.9%,2.1%,2.8%,175,94.9%,5.1%,5.1%,N/A,<= 2%,<= 2%,<= 2%,50 or less,>= 98%,<= 2%,<= 2%,50 or less,>= 98%,<= 2%,<= 2%,50 or less,<= 2%,<= 2%,<= 2%,50 or less,92.5%,7.5%,7.5%,268,97.0%,3.0%,3.4%,50 or less,>= 98%,<= 2%,<= 2%,50 or less,80.0%,20.0%,20.0%,
2790,Mountain Valley RE 1,221,55.2%,44.8%,44.8%,119,50.4%,49.6%,49.6%,51 or greater,60.8%,39.2%,39.2%,N/A,<= 2%,<= 2%,<= 2%,50 or less,80.0%,20.0%,20.0%,50 or less,<= 2%,<= 2%,<= 2%,50 or less,33.3%,66.7%,66.7%,50 or less,80.0%,20.0%,20.0%,160,45.6%,54.4%,54.4%,50 or less,<= 2%,<= 2%,<= 2%,50 or less,>= 98%,<= 2%,<= 2%,
2800,Moffat 2,205,83.9%,16.1%,19.0%,106,84.9%,15.1%,16.0%,99,82.8%,17.2%,22.2%,N/A,<= 2%,<= 2%,<= 2%,50 or less,<= 2%,<= 2%,<= 2%,50 or less,>= 98%,<= 2%,<= 2%,50 or less,>= 98%,<= 2%,<= 2%,50 or less,73.5%,26.5%,35.3%,151,84.1%,15.9%,17.9%,50 or less,<= 2%,<= 2%,<= 2%,50 or less,>= 98%,<= 2%,<= 2%,
2810,Center 26 JT,603,89.2%,10.8%,12.1%,51 or greater,91.6%,8.4%,8.8%,318,87.1%,12.9%,15.1%,N/A,<= 2%,<= 2%,<= 2%,50 or less,83.3%,16.7%,16.7%,50 or less,<= 2%,<= 2%,<= 2%,50 or less,>= 98%,<= 2%,<= 2%,540,89.6%,10.4%,11.7%,53,84.9%,15.1%,17.0%,50 or less,<= 2%,<= 2%,<= 2%,50 or less,>= 98%,<= 2%,<= 2%,
2820,Silverton 1,72,94.4%,5.6%,5.6%,50 or less,91.9%,8.1%,8.1%,50 or less,97.0%,3.0%,3.0%,50 or less,>= 98%,<= 2%,<= 2%,50 or less,>= 98%,<= 2%,<= 2%,50 or less,<= 2%,<= 2%,<= 2%,50 or less,>= 98%,<= 2%,<= 2%,50 or less,>= 98%,<= 2%,<= 2%,50 or less,90.2%,9.8%,9.8%,50 or less,<= 2%,<= 2%,<= 2%,50 or less,>= 98%,<= 2%,<= 2%,
2830,Telluride R-1,836,94.0%,6.0%,6.0%,51 or greater,93.5%,6.5%,6.5%,434,94.5%,5.5%,5.5%,N/A,<= 2%,<= 2%,<= 2%,50 or less,>= 98%,<= 2%,<= 2%,50 or less,>= 98%,<= 2%,<= 2%,50 or less,>= 98%,<= 2%,<= 2%,172,94.8%,5.2%,5.2%,644,93.6%,6.4%,6.4%,50 or less,>= 98%,<= 2%,<= 2%,50 or less,>= 98%,<= 2%,<= 2%,
2840,Norwood R-2J,192,81.8%,18.2%,19.3%,101,84.2%,15.8%,16.8%,51 or greater,79.1%,20.9%,22.0%,N/A,<= 2%,<= 2%,<= 2%,50 or less,50.0%,50.0%,50.0%,50 or less,<= 2%,>= 98%,>= 98%,50 or less,<= 2%,<= 2%,<= 2%,50 or less,55.6%,44.4%,51.9%,148,88.5%,11.5%,11.5%,50 or less,<= 2%,<= 2%,<= 2%,50 or less,88.9%,11.1%,11.1%,
2862,Julesburg Re-1,820,83.4%,16.6%,17.0%,51 or greater,83.4%,16.6%,17.1%,51 or greater,83.4%,16.6%,16.8%,N/A,<= 2%,<= 2%,<= 2%,50 or less,>= 98%,<= 2%,<= 2%,50 or less,87.5%,12.5%,12.5%,50 or less,91.7%,8.3%,8.3%,273,85.7%,14.3%,14.3%,461,81.6%,18.4%,19.1%,50 or less,50.0%,50.0%,50.0%,50 or less,85.7%,14.3%,14.3%,
2865,Revere School District,135,95.6%,4.4%,4.4%,62,96.8%,3.2%,3.2%,73,94.5%,5.5%,5.5%,N/A,<= 2%,<= 2%,<= 2%,50 or less,<= 2%,<= 2%,<= 2%,50 or less,>= 98%,<= 2%,<= 2%,50 or less,>= 98%,<= 2%,<= 2%,50 or less,91.3%,8.7%,8.7%,108,96.3%,3.7%,3.7%,50 or less,<= 2%,<= 2%,<= 2%,50 or less,<= 2%,<= 2%,<= 2%,
3000,Summit RE-1,"3,574",93.2%,6.8%,7.1%,"1,674",93.2%,6.8%,7.0%,"1,899",93.2%,6.8%,7.2%,50 or less,>= 98%,<= 2%,<= 2%,50 or less,<= 2%,<= 2%,<= 2%,50 or less,96.0%,4.0%,4.0%,50 or less,70.7%,29.3%,34.1%,"1,464",90.6%,9.4%,9.8%,"1,928",95.5%,4.5%,4.6%,50 or less,<= 2%,<= 2%,<= 2%,116,94.8%,5.2%,6.0%,
3010,Cripple Creek-Victor RE-1,284,82.0%,18.0%,18.0%,51 or greater,83.1%,16.9%,16.9%,148,81.1%,18.9%,18.9%,N/A,<= 2%,<= 2%,<= 2%,50 or less,>= 98%,<= 2%,<= 2%,50 or less,<= 2%,<= 2%,<= 2%,50 or less,66.7%,33.3%,33.3%,50 or less,63.3%,36.7%,36.7%,240,84.6%,15.4%,15.4%,50 or less,<= 2%,<= 2%,<= 2%,50 or less,75.0%,25.0%,25.0%,
3020,Woodland Park Re-2,"1,968",89.8%,10.2%,10.5%,51 or greater,90.5%,9.5%,9.9%,"1,057",89.3%,10.7%,11.0%,N/A,<= 2%,<= 2%,<= 2%,50 or less,87.5%,12.5%,12.5%,50 or less,80.0%,20.0%,20.0%,50 or less,46.7%,53.3%,53.3%,252,84.9%,15.1%,15.5%,"1,556",91.4%,8.6%,8.9%,50 or less,>= 98%,<= 2%,<= 2%,120,86.7%,13.3%,13.3%,
3030,Akron R-1,415,93.3%,6.7%,7.2%,51 or greater,93.6%,6.4%,6.4%,228,93.0%,7.0%,7.9%,N/A,<= 2%,<= 2%,<= 2%,50 or less,66.7%,33.3%,33.3%,50 or less,>= 98%,<= 2%,<= 2%,50 or less,66.7%,33.3%,33.3%,103,88.3%,11.7%,13.6%,285,96.1%,3.9%,3.9%,50 or less,<= 2%,<= 2%,<= 2%,50 or less,87.5%,12.5%,12.5%,
3040,Arickaree R-2,85,90.6%,9.4%,11.8%,50 or less,89.5%,10.5%,15.8%,50 or less,91.5%,8.5%,8.5%,N/A,<= 2%,<= 2%,<= 2%,50 or less,<= 2%,<= 2%,<= 2%,50 or less,<= 2%,<= 2%,<= 2%,50 or less,>= 98%,<= 2%,<= 2%,50 or less,>= 98%,<= 2%,<= 2%,52,86.5%,13.5%,15.4%,50 or less,<= 2%,>= 98%,>= 98%,50 or less,>= 98%,<= 2%,<= 2%,
3050,Otis R-3,190,90.5%,9.5%,10.0%,51 or greater,87.2%,12.8%,12.8%,112,92.9%,7.1%,8.0%,N/A,<= 2%,<= 2%,<= 2%,50 or less,50.0%,50.0%,>= 98%,50 or less,<= 2%,<= 2%,<= 2%,50 or less,80.0%,20.0%,20.0%,50 or less,94.1%,5.9%,5.9%,166,91.0%,9.0%,9.0%,50 or less,<= 2%,<= 2%,<= 2%,50 or less,<= 2%,<= 2%,<= 2%,
3060,Lone Star 101,130,93.1%,6.9%,6.9%,75,92.0%,8.0%,8.0%,55,94.5%,5.5%,5.5%,N/A,<= 2%,<= 2%,<= 2%,50 or less,<= 2%,<= 2%,<= 2%,50 or less,<= 2%,<= 2%,<= 2%,50 or less,<= 2%,<= 2%,<= 2%,50 or less,95.5%,4.5%,4.5%,108,92.6%,7.4%,7.4%,50 or less,<= 2%,<= 2%,<= 2%,50 or less,<= 2%,<= 2%,<= 2%,
3070,Woodlin R-104,72,94.4%,5.6%,5.6%,50 or less,94.3%,5.7%,5.7%,50 or less,94.6%,5.4%,5.4%,N/A,<= 2%,<= 2%,<= 2%,50 or less,<= 2%,<= 2%,<= 2%,50 or less,<= 2%,<= 2%,<= 2%,50 or less,>= 98%,<= 2%,<= 2%,50 or less,<= 2%,<= 2%,<= 2%,69,94.2%,5.8%,5.8%,50 or less,<= 2%,<= 2%,<= 2%,50 or less,<= 2%,<= 2%,<= 2%,
3080,Weld County RE-1,"1,767",93.2%,6.8%,7.5%,51 or greater,92.8%,7.2%,7.8%,945,93.4%,6.6%,7.2%,N/A,<= 2%,<= 2%,<= 2%,50 or less,75.0%,25.0%,25.0%,50 or less,50.0%,50.0%,50.0%,50 or less,63.6%,36.4%,63.6%,"1,071",91.7%,8.3%,8.9%,647,96.3%,3.7%,4.0%,50 or less,<= 2%,<= 2%,<= 2%,50 or less,96.7%,3.3%,3.3%,
3085,Eaton RE-2,"2,052",95.2%,4.8%,5.3%,51 or greater,95.0%,5.0%,5.6%,"1,049",95.4%,4.6%,5.0%,N/A,<= 2%,<= 2%,<= 2%,50 or less,80.0%,20.0%,20.0%,50 or less,>= 98%,<= 2%,<= 2%,50 or less,>= 98%,<= 2%,<= 2%,553,92.2%,7.8%,9.0%,"1,445",96.3%,3.7%,3.9%,50 or less,<= 2%,<= 2%,<= 2%,50 or less,97.5%,2.5%,2.5%,
3090,Weld County School District RE-3J,"2,656",91.1%,8.9%,9.2%,51 or greater,91.6%,8.4%,8.5%,"1,374",90.7%,9.3%,9.8%,N/A,<= 2%,<= 2%,<= 2%,50 or less,>= 98%,<= 2%,<= 2%,50 or less,95.0%,5.0%,5.0%,50 or less,76.5%,23.5%,23.5%,"1,306",88.7%,11.3%,11.9%,"1,235",94.1%,5.9%,6.0%,50 or less,<= 2%,<= 2%,<= 2%,73,86.3%,13.7%,13.7%,
3100,Weld RE-4,"8,424",95.2%,4.8%,4.9%,51 or greater,95.4%,4.6%,4.8%,"4,360",95.0%,5.0%,5.0%,50 or less,>= 98%,<= 2%,<= 2%,50 or less,96.0%,4.0%,4.0%,99,92.9%,7.1%,7.1%,85,91.8%,8.2%,8.2%,"1,687",92.4%,7.6%,7.9%,"6,234",96.0%,4.0%,4.1%,50 or less,91.7%,8.3%,8.3%,282,97.2%,2.8%,2.8%,
3110,Johnstown-Milliken RE-5J,"3,932",93.1%,6.9%,7.1%,51 or greater,93.0%,7.0%,7.2%,"1,976",93.2%,6.8%,7.0%,50 or less,<= 2%,>= 98%,>= 98%,50 or less,83.3%,16.7%,16.7%,50 or less,93.3%,6.7%,6.7%,50 or less,94.4%,5.6%,5.6%,"1,264",91.9%,8.1%,8.8%,"2,492",93.7%,6.3%,6.3%,50 or less,>= 98%,<= 2%,<= 2%,114,93.0%,7.0%,7.0%,
3120,Greeley 6,"23,447",91.6%,8.4%,8.9%,"11,322",92.1%,7.9%,8.3%,"12,125",91.2%,8.8%,9.4%,N/A,<= 2%,<= 2%,<= 2%,85,92.9%,7.1%,7.1%,644,88.4%,11.6%,12.0%,628,84.1%,15.9%,16.9%,"15,183",91.9%,8.1%,8.5%,"6,303",92.6%,7.4%,7.9%,148,62.8%,37.2%,41.9%,456,91.2%,8.8%,8.8%,
3130,Platte Valley RE-7,"1,130",94.1%,5.9%,6.0%,51 or greater,94.4%,5.6%,5.6%,597,93.8%,6.2%,6.4%,N/A,<= 2%,<= 2%,<= 2%,50 or less,>= 98%,<= 2%,<= 2%,50 or less,>= 98%,<= 2%,<= 2%,50 or less,88.9%,11.1%,11.1%,466,91.2%,8.8%,9.0%,631,96.0%,4.0%,4.0%,50 or less,>= 98%,<= 2%,<= 2%,50 or less,>= 98%,<= 2%,<= 2%,
3140,Weld Re-8 Schools,"2,441",89.4%,10.6%,11.1%,51 or greater,89.1%,10.9%,11.6%,"1,249",89.7%,10.3%,10.7%,N/A,<= 2%,<= 2%,<= 2%,50 or less,85.7%,14.3%,14.3%,50 or less,88.0%,12.0%,12.0%,50 or less,87.5%,12.5%,12.5%,"1,754",88.7%,11.3%,12.0%,601,91.0%,9.0%,9.0%,50 or less,>= 98%,<= 2%,<= 2%,50 or less,96.8%,3.2%,3.2%,
3145,Ault-Highland RE-9,"1,003",92.8%,7.2%,7.6%,51 or greater,90.6%,9.4%,9.8%,554,94.6%,5.4%,5.8%,N/A,<= 2%,<= 2%,<= 2%,50 or less,<= 2%,>= 98%,>= 98%,50 or less,>= 98%,<= 2%,<= 2%,50 or less,>= 98%,<= 2%,<= 2%,346,90.5%,9.5%,9.8%,613,94.0%,6.0%,6.5%,50 or less,>= 98%,<= 2%,<= 2%,50 or less,97.4%,2.6%,2.6%,
3146,Briggsdale RE-10,168,88.7%,11.3%,11.3%,79,94.9%,5.1%,5.1%,89,83.1%,16.9%,16.9%,N/A,<= 2%,<= 2%,<= 2%,50 or less,<= 2%,<= 2%,<= 2%,50 or less,>= 98%,<= 2%,<= 2%,50 or less,<= 2%,<= 2%,<= 2%,50 or less,>= 98%,<= 2%,<= 2%,146,87.0%,13.0%,13.0%,50 or less,<= 2%,<= 2%,<= 2%,50 or less,>= 98%,<= 2%,<= 2%,
3147,Prairie RE-11,170,95.9%,4.1%,4.1%,84,97.6%,2.4%,2.4%,86,94.2%,5.8%,5.8%,N/A,<= 2%,<= 2%,<= 2%,50 or less,<= 2%,<= 2%,<= 2%,50 or less,>= 98%,<= 2%,<= 2%,50 or less,<= 2%,<= 2%,<= 2%,50 or less,87.5%,12.5%,12.5%,151,96.7%,3.3%,3.3%,50 or less,<= 2%,<= 2%,<= 2%,50 or less,<= 2%,<= 2%,<= 2%,
3148,Pawnee RE-12,61,91.8%,8.2%,8.2%,50 or less,95.8%,4.2%,4.2%,50 or less,89.2%,10.8%,10.8%,N/A,<= 2%,<= 2%,<= 2%,50 or less,<= 2%,<= 2%,<= 2%,50 or less,<= 2%,<= 2%,<= 2%,50 or less,<= 2%,<= 2%,<= 2%,50 or less,>= 98%,<= 2%,<= 2%,50 or less,89.6%,10.4%,10.4%,50 or less,<= 2%,<= 2%,<= 2%,50 or less,>= 98%,<= 2%,<= 2%,
3200,Yuma 1,814,91.0%,9.0%,9.2%,414,91.8%,8.2%,8.5%,51 or greater,90.3%,9.8%,10.0%,N/A,<= 2%,<= 2%,<= 2%,50 or less,>= 98%,<= 2%,<= 2%,50 or less,<= 2%,<= 2%,<= 2%,50 or less,50.0%,50.0%,50.0%,456,89.7%,10.3%,10.7%,350,92.9%,7.1%,7.1%,50 or less,<= 2%,<= 2%,<= 2%,50 or less,>= 98%,<= 2%,<= 2%,
3210,Wray RD-2,721,91.7%,8.3%,9.0%,362,92.0%,8.0%,9.1%,51 or greater,91.4%,8.6%,8.9%,N/A,<= 2%,<= 2%,<= 2%,50 or less,>= 98%,<= 2%,<= 2%,50 or less,<= 2%,<= 2%,<= 2%,50 or less,<= 2%,<= 2%,<= 2%,253,87.7%,12.3%,13.0%,462,93.7%,6.3%,6.9%,50 or less,<= 2%,<= 2%,<= 2%,50 or less,>= 98%,<= 2%,<= 2%,
3220,Idalia RJ-3,147,96.6%,3.4%,3.4%,82,96.3%,3.7%,3.7%,65,96.9%,3.1%,3.1%,N/A,<= 2%,<= 2%,<= 2%,50 or less,<= 2%,<= 2%,<= 2%,50 or less,<= 2%,<= 2%,<= 2%,50 or less,<= 2%,<= 2%,<= 2%,50 or less,93.5%,6.5%,6.5%,115,97.4%,2.6%,2.6%,50 or less,<= 2%,<= 2%,<= 2%,50 or less,>= 98%,<= 2%,<= 2%,
3230,Liberty J-4,62,93.5%,6.5%,6.5%,50 or less,89.3%,10.7%,10.7%,50 or less,97.1%,2.9%,2.9%,N/A,<= 2%,<= 2%,<= 2%,50 or less,<= 2%,<= 2%,<= 2%,50 or less,<= 2%,<= 2%,<= 2%,50 or less,<= 2%,<= 2%,<= 2%,50 or less,70.0%,30.0%,30.0%,52,>= 98%,<= 2%,<= 2%,50 or less,<= 2%,<= 2%,<= 2%,50 or less,<= 2%,<= 2%,<= 2%,
8001,Charter School Institute,"23,010",93.0%,7.0%,7.2%,"11,581",93.1%,6.9%,7.2%,"11,429",93.0%,7.0%,7.3%,N/A,<= 2%,<= 2%,<= 2%,162,88.3%,11.7%,12.3%,627,94.6%,5.4%,6.1%,774,88.0%,12.0%,12.9%,"7,771",92.1%,7.9%,8.2%,"12,539",94.1%,5.9%,6.1%,58,89.7%,10.3%,12.1%,"1,079",90.8%,9.2%,9.4%,
9000,Colorado School for the Deaf and Blind,163,87.7%,12.3%,13.5%,83,86.7%,13.3%,14.5%,51 or greater,88.8%,11.3%,12.5%,N/A,<= 2%,<= 2%,<= 2%,50 or less,<= 2%,>= 98%,>= 98%,50 or less,>= 98%,<= 2%,<= 2%,50 or less,82.4%,17.6%,17.6%,65,90.8%,9.2%,10.8%,66,84.8%,15.2%,16.7%,50 or less,<= 2%,<= 2%,<= 2%,50 or less,>= 98%,<= 2%,<= 2%,
9035,Centennial BOCES,171,59.6%,40.4%,43.9%,56,48.2%,51.8%,57.1%,115,65.2%,34.8%,37.4%,N/A,<= 2%,<= 2%,<= 2%,50 or less,<= 2%,<= 2%,<= 2%,50 or less,<= 2%,<= 2%,<= 2%,50 or less,>= 98%,<= 2%,<= 2%,95,55.8%,44.2%,48.4%,74,63.5%,36.5%,39.2%,50 or less,<= 2%,<= 2%,<= 2%,50 or less,>= 98%,<= 2%,<= 2%,
9050,San Juan BOCES,67,61.2%,38.8%,38.8%,50 or less,65.7%,34.3%,34.3%,50 or less,56.3%,43.8%,43.8%,N/A,<= 2%,<= 2%,<= 2%,50 or less,50.0%,50.0%,50.0%,50 or less,<= 2%,<= 2%,<= 2%,50 or less,>= 98%,<= 2%,<= 2%,50 or less,46.2%,53.8%,53.8%,50 or less,63.3%,36.7%,36.7%,50 or less,<= 2%,<= 2%,<= 2%,50 or less,>= 98%,<= 2%,<= 2%,
9130,Expeditionary BOCES,380,>= 98%,<= 2%,<= 2%,168,>= 98%,<= 2%,<= 2%,210,97.6%,2.4%,2.4%,50 or less,>= 98%,<= 2%,<= 2%,50 or less,<= 2%,<= 2%,<= 2%,50 or less,>= 98%,<= 2%,<= 2%,50 or less,>= 98%,<= 2%,<= 2%,50 or less,93.8%,6.3%,6.3%,294,>= 98%,<= 2%,<= 2%,50 or less,<= 2%,<= 2%,<= 2%,50 or less,>= 98%,<= 2%,<= 2%,
9170,Education reEnvisioned BOCES,"7,831",77.3%,22.7%,23.9%,"3,923",77.5%,22.5%,23.9%,"3,906",77.1%,22.9%,23.9%,50 or less,>= 98%,<= 2%,<= 2%,57,75.4%,24.6%,26.3%,118,88.1%,11.9%,11.9%,399,72.4%,27.6%,28.3%,"2,049",74.7%,25.3%,27.0%,"4,727",79.1%,20.9%,21.8%,50 or less,68.8%,31.3%,31.3%,449,73.1%,26.9%,29.8%,
9175,Colorado River BOCES,192,80.2%,19.8%,19.8%,105,81.0%,19.0%,19.0%,86,79.1%,20.9%,20.9%,50 or less,>= 98%,<= 2%,<= 2%,50 or less,<= 2%,<= 2%,<= 2%,50 or less,<= 2%,<= 2%,<= 2%,50 or less,>= 98%,<= 2%,<= 2%,96,74.0%,26.0%,26.0%,95,86.3%,13.7%,13.7%,50 or less,<= 2%,<= 2%,<= 2%,50 or less,<= 2%,<= 2%,<= 2%,
,End of Worksheet,,,,,,,,,,,,,,,,,,,,,,,,,,,,,,,,,,,,,,,,,,,,,